Player;Club;born;Height;Position;2021-2022
Brenden Aaronson;Leeds United;22/10/2000;178 cm;MF;2021-2022
Zach Abbott;Nottingham Forest;13/05/2006;173;DF;2021-2022
Terry Ablade;Fulham FC;12/10/2001;181 cm;FW;2021-2022
Adama Traoré;Wolverhampton Wanderers;25/01/1996;178 cm;FW;2021-2022
Ché Adams;Southampton FC;13/07/1996;179 cm;FW;2021-2022
Tyler Adams;Leeds United;14/02/1999;175 cm;MF;2021-2022
Tosin Adarabioyo;Fulham FC;24/09/1997;196 cm;DF;2021-2022
Adler Nascimento;Crystal Palace;25/11/2004;183 cm;FW;2021-2022
Adrián;Liverpool FC;03/01/1987;190 cm;GK;2021-2022
Daniel Adu-Adjei;AFC Bournemouth;21/06/2005;175;FW;2021-2022
Nayef Aguerd;West Ham United;30/03/1996;190 cm;DF;2021-2022
Naouirou Ahamada;Crystal Palace;29/03/2002;183 cm;MF;2021-2022
Rayan Aït Nouri;Wolverhampton Wanderers;06/06/2001;180 cm;DF;2021-2022
Kristoffer Ajer;Brentford FC;17/04/1998;196 cm;DF;2021-2022
Manuel Akanji;Manchester City;19/07/1995;187 cm;DF;2021-2022
Nathan Aké;Manchester City;18/02/1995;180 cm;DF;2021-2022
Carlos Alcaraz;Southampton FC;30/11/2002;183 cm;MF;2021-2022
Álex Moreno;Aston Villa;08/06/1993;179 cm;DF;2021-2022
Trent Alexander-Arnold;Liverpool FC;07/10/1998;180 cm;DF;2021-2022
Alisson;Liverpool FC;02/10/1992;191 cm;GK;2021-2022
Charlie Allen;Leeds United;22/11/2003;185 cm;MF;2021-2022
Miguel Almirón;Newcastle United;10/02/1994;174 cm;MF;2021-2022
Julián Álvarez;Manchester City;31/01/2000;170 cm;FW;2021-2022
Will Alves;Leicester City;04/05/2005;172;MF;2021-2022
Daniel Amartey;Leicester City;21/12/1994;186 cm;DF;2021-2022
Joseph Anang;West Ham United;08/06/2000;190 cm;GK;2021-2022
Joachim Andersen;Crystal Palace;31/05/1996;192 cm;DF;2021-2022
Elliot Anderson;Newcastle United;06/11/2002;179 cm;MF;2021-2022
Andreas Pereira;Fulham FC;01/01/1996;178 cm;MF;2021-2022
Jaidon Anthony;AFC Bournemouth;01/12/1999;183 cm;FW;2021-2022
Michail Antonio;West Ham United;28/03/1990;180 cm;FW;2021-2022
Antony;Manchester United;24/02/2000;172 cm;FW;2021-2022
Keenan Appiah-Forson;West Ham United;16/10/2001;174 cm;MF;2021-2022
Alphonse Aréola;West Ham United;27/02/1993;195 cm;GK;2021-2022
Joe Aribo;Southampton FC;21/07/1996;183 cm;MF;2021-2022
Adam Armstrong;Southampton FC;10/02/1997;173 cm;FW;2021-2022
Stuart Armstrong;Southampton FC;30/03/1992;183 cm;MF;2021-2022
Harry Arter;Nottingham Forest;28/12/1989;177 cm;MF;2021-2022
Arthur;Liverpool FC;12/08/1996;172 cm;MF;2021-2022
Harrison Ashby;Newcastle United;14/11/2001;180 cm;DF;2021-2022
Pierre-Emerick Aubameyang;Chelsea FC;18/06/1989;186 cm;FW;2021-2022
Sèrge Aurier;Nottingham Forest;24/12/1992;176 cm;DF;2021-2022
Brandon Austin;Tottenham Hotspur;08/01/1999;188 cm;GK;2021-2022
Taiwo Awoniyi;Nottingham Forest;12/08/1997;183 cm;FW;2021-2022
Yasin Ayari;Brighton & Hove Albion;06/10/2003;172 cm;MF;2021-2022
André Ayew;Nottingham Forest;17/12/1989;176 cm;FW;2021-2022
Jordan Ayew;Crystal Palace;11/09/1991;182 cm;FW;2021-2022
Luke Ayling;Leeds United;25/08/1991;183 cm;DF;2021-2022
Azpilicueta;Chelsea FC;28/08/1989;178 cm;DF;2021-2022
Benoît Badiashile;Chelsea FC;26/03/2001;194 cm;DF;2021-2022
Leon Bailey;Aston Villa;09/08/1997;178 cm;MF;2021-2022
Dominic Ballard;Southampton FC;01/04/2005;173;FW;2021-2022
Kofi Balmer;Crystal Palace;19/09/2000;183 cm;DF;2021-2022
Patrick Bamford;Leeds United;05/09/1993;185 cm;FW;2021-2022
Jamal Baptiste;West Ham United;11/11/2003;186 cm;DF;2021-2022
Shandon Baptiste;Brentford FC;08/04/1998;175 cm;MF;2021-2022
Harvey Barnes;Leicester City;09/12/1997;174 cm;MF;2021-2022
Gavin Bazunu;Southampton FC;20/02/2002;189 cm;GK;2021-2022
Jan Bednarek;Southampton FC;12/04/1996;189 cm;DF;2021-2022
Asmir Begović;Everton FC;20/06/1987;199 cm;GK;2021-2022
Armel Bella-Kotchap;Southampton FC;11/12/2001;190 cm;DF;2021-2022
Rhys Bennett;Manchester United;30/10/2003;187 cm;DF;2021-2022
Saïd Benrahma;West Ham United;10/08/1995;172 cm;FW;2021-2022
Rodrigo Bentancur;Tottenham Hotspur;25/06/1997;187 cm;MF;2021-2022
Daniel Bentley;Wolverhampton Wanderers;13/07/1993;193 cm;GK;2021-2022
Lucas Bergström;Chelsea FC;05/09/2002;205 cm;GK;2021-2022
Bernardo Silva;Manchester City;10/08/1994;173 cm;MF;2021-2022
Ryan Bertrand;Leicester City;05/08/1989;179 cm;DF;2021-2022
Marcus Bettinelli;Chelsea FC;24/05/1992;193 cm;GK;2021-2022
Giulian Biancone;Nottingham Forest;31/03/2000;187 cm;DF;2021-2022
Philip Billing;AFC Bournemouth;11/06/1996;193 cm;MF;2021-2022
Nathan Bishop;Manchester United;15/10/1999;185 cm;GK;2021-2022
Yves Bissouma;Tottenham Hotspur;30/08/1996;182 cm;MF;2021-2022
Willy Boly;Nottingham Forest;03/02/1991;195 cm;DF;2021-2022
Sven Botman;Newcastle United;12/01/2000;195 cm;DF;2021-2022
Jarrod Bowen;West Ham United;20/12/1996;175 cm;FW;2021-2022
Sammy Braybrooke;Leicester City;12/03/2004;178 cm;MF;2021-2022
James Bree;Southampton FC;11/12/1997;178 cm;DF;2021-2022
Armando Broja;Chelsea FC;10/09/2001;191 cm;FW;2021-2022
David Brooks;AFC Bournemouth;08/07/1997;173 cm;FW;2021-2022
Bruno Fernandes;Manchester United;08/09/1994;179 cm;MF;2021-2022
Bruno Guimarães;Newcastle United;16/11/1997;182 cm;MF;2021-2022
Lewis Brunt;Leicester City;06/11/2000;187 cm;MF;2021-2022
Emiliano Buendia;Aston Villa;25/12/1996;172 cm;MF;2021-2022
Facundo Buonanotte;Brighton & Hove Albion;23/12/2004;174 cm;MF;2021-2022
Dan Burn;Newcastle United;09/05/1992;201 cm;DF;2021-2022
Jack Butland;Manchester United;10/03/1993;196 cm;GK;2021-2022
Willy Caballero;Southampton FC;28/09/1981;186 cm;GK;2021-2022
Cafú;Nottingham Forest;26/02/1993;185 cm;MF;2021-2022
Moisés Caicedo;Brighton & Hove Albion;02/11/2001;178 cm;MF;2021-2022
Tom Cairney;Fulham FC;20/01/1991;185 cm;MF;2021-2022
Duje Ćaleta-Car;Southampton FC;17/09/1996;192 cm;DF;2021-2022
Dominic Calvert-Lewin;Everton FC;16/03/1997;189 cm;FW;2021-2022
Carlos Vinícius;Fulham FC;25/03/1995;190 cm;FW;2021-2022
Scott Carson;Manchester City;03/09/1985;188 cm;GK;2021-2022
Casemiro;Manchester United;23/02/1992;185 cm;MF;2021-2022
Kaelan Casey;West Ham United;28/10/2004;185 cm;MF;2021-2022
Matty Cash;Aston Villa;07/08/1997;185 cm;DF;2021-2022
Timothy Castagne;Leicester City;05/12/1995;185 cm;DF;2021-2022
Cédric;Fulham FC;31/08/1991;171 cm;DF;2021-2022
Trevoh Chalobah;Chelsea FC;05/07/1999;192 cm;DF;2021-2022
Calum Chambers;Aston Villa;20/01/1995;182 cm;DF;2021-2022
Shea Charles;Manchester City;05/11/2003;189 cm;DF;2021-2022
Jeremiah Chilokoa-Mullen;Leeds United;17/06/2004;177 cm;DF;2021-2022
Ben Chilwell;Chelsea FC;21/12/1996;181 cm;DF;2021-2022
Chiquinho;Wolverhampton Wanderers;05/02/2000;179 cm;FW;2021-2022
Ryan Christie;AFC Bournemouth;22/02/1995;178 cm;MF;2021-2022
Carney Chukwuemeka;Chelsea FC;20/10/2003;187 cm;MF;2021-2022
Cătălin Cîrjan;Arsenal FC;01/12/2002;178 cm;MF;2021-2022
Bobby Clark;Liverpool FC;07/02/2005;178 cm;MF;2021-2022
Regan Clayton;West Ham United;11/11/2004;175 cm;DF;2021-2022
Nathaniel Clyne;Crystal Palace;05/04/1991;175 cm;DF;2021-2022
Conor Coady;Everton FC;25/02/1993;185 cm;DF;2021-2022
Jack Colback;Nottingham Forest;24/10/1989;177 cm;MF;2021-2022
Séamus Coleman;Everton FC;11/10/1988;177 cm;DF;2021-2022
Nathan Collins;Wolverhampton Wanderers;30/04/2001;193 cm;DF;2021-2022
Levi Colwill;Brighton & Hove Albion;26/02/2003;187 cm;DF;2021-2022
Lewis Cook;AFC Bournemouth;03/02/1997;175 cm;MF;2021-2022
Steve Cook;Nottingham Forest;19/04/1991;185 cm;DF;2021-2022
Liam Cooper;Leeds United;30/08/1991;186 cm;DF;2021-2022
Maxwel Cornet;West Ham United;27/09/1996;179 cm;MF;2021-2022
Vladimír Coufal;West Ham United;22/08/1992;174 cm;DF;2021-2022
Coutinho;Aston Villa;12/06/1992;172 cm;MF;2021-2022
Matthew Cox;Brentford FC;02/05/2003;182 cm;GK;2021-2022
Amario Cozier-Duberry;Arsenal FC;29/05/2005;171 cm;MF;2021-2022
Tristan Crama;Brentford FC;08/11/2001;192 cm;MF;2021-2022
Aaron Cresswell;West Ham United;15/12/1989;170 cm;DF;2021-2022
Cucurella;Chelsea FC;22/07/1998;173 cm;DF;2021-2022
Luciano D'Auria-Henry;Fulham FC;11/11/2002;178 cm;DF;2021-2022
Michael Dacosta Gonzalez;AFC Bournemouth;05/03/2005;173;MF;2021-2022
Patson Daka;Leicester City;09/10/1998;183 cm;FW;2021-2022
Stuart Dallas;Leeds United;19/04/1991;183 cm;DF;2021-2022
Mikkel Damsgaard;Brentford FC;03/07/2000;180 cm;MF;2021-2022
Daniel Podence;Wolverhampton Wanderers;21/10/1995;165 cm;FW;2021-2022
Danilo;Nottingham Forest;29/04/2001;177 cm;MF;2021-2022
Arnaut Danjuma;Tottenham Hotspur;31/01/1997;178 cm;FW;2021-2022
Joshua Dasilva;Brentford FC;23/10/1998;184 cm;MF;2021-2022
David Raya;Brentford FC;15/09/1995;183 cm;GK;2021-2022
Ben Davies;Tottenham Hotspur;24/04/1993;181 cm;DF;2021-2022
Harvey Davies;Liverpool FC;03/09/2003;190 cm;GK;2021-2022
Tom Davies;Everton FC;30/06/1998;180 cm;MF;2021-2022
Craig Dawson;Wolverhampton Wanderers;06/05/1990;188 cm;DF;2021-2022
Kevin De Bruyne;Manchester City;28/06/1991;181 cm;MF;2021-2022
De Gea;Manchester United;07/11/1990;189 cm;GK;2021-2022
James Debayo;Leeds United;11/07/2005;173;DF;2021-2022
Bobby Decordova-Reid;Fulham FC;02/02/1993;170 cm;FW;2021-2022
Leander Dendoncker;Aston Villa;15/04/1995;188 cm;MF;2021-2022
Emmanuel Dennis;Nottingham Forest;15/11/1997;175 cm;FW;2021-2022
Alfie Devine;Tottenham Hotspur;01/08/2004;167 cm;MF;2021-2022
Kiernan Dewsbury-Hall;Leicester City;06/09/1998;178 cm;MF;2021-2022
Ibrahima Diallo;Southampton FC;08/03/1999;179 cm;MF;2021-2022
Luis Díaz;Liverpool FC;13/01/1997;180 cm;FW;2021-2022
Diego Carlos;Aston Villa;15/03/1993;185 cm;DF;2021-2022
Diego Costa;Wolverhampton Wanderers;07/10/1988;186 cm;FW;2021-2022
Eric Dier;Tottenham Hotspur;15/01/1994;188 cm;DF;2021-2022
Lucas Digne;Aston Villa;20/07/1993;178 cm;DF;2021-2022
Diogo Dalot;Manchester United;18/03/1999;183 cm;DF;2021-2022
Diogo Jota;Liverpool FC;04/12/1996;178 cm;FW;2021-2022
Diogo Monteiro;Leeds United;28/01/2005;184 cm;DF;2021-2022
Issa Diop;Fulham FC;09/01/1997;194 cm;DF;2021-2022
Moussa Djénépo;Southampton FC;15/06/1998;177 cm;MF;2021-2022
Ben Doak;Liverpool FC;11/11/2005;173;FW;2021-2022
Abdoulaye Doucouré;Everton FC;01/01/1993;183 cm;MF;2021-2022
Cheick Doucouré;Crystal Palace;08/01/2000;180 cm;MF;2021-2022
Douglas Luiz;Aston Villa;09/05/1998;177 cm;MF;2021-2022
Flynn Downes;West Ham United;20/01/1999;173 cm;MF;2021-2022
Kami Doyle;Southampton FC;01/08/2005;173;MF;2021-2022
Martin Dúbravka;Newcastle United;15/01/1989;191 cm;GK;2021-2022
Shane Duffy;Fulham FC;01/01/1992;193 cm;DF;2021-2022
Paul Dummett;Newcastle United;26/09/1991;183 cm;DF;2021-2022
Lewis Dunk;Brighton & Hove Albion;21/11/1991;192 cm;DF;2021-2022
Jhon Durán;Aston Villa;13/12/2003;185 cm;FW;2021-2022
Ederson;Manchester City;17/08/1993;188 cm;GK;2021-2022
Odsonne Édouard;Crystal Palace;16/01/1998;187 cm;FW;2021-2022
Samuel Edozie;Southampton FC;28/01/2003;179 cm;MF;2021-2022
Diamond Edwards;Southampton FC;18/09/2003;175 cm;MF;2021-2022
Khayon Edwards;Arsenal FC;12/09/2003;180 cm;FW;2021-2022
Anthony Elanga;Manchester United;27/04/2002;178 cm;FW;2021-2022
Harvey Elliott;Liverpool FC;04/04/2003;170 cm;MF;2021-2022
Mohamed Elneny;Arsenal FC;11/07/1992;179 cm;MF;2021-2022
Mohamed Elyounoussi;Southampton FC;04/08/1994;178 cm;FW;2021-2022
Emerson;West Ham United;03/08/1994;176 cm;DF;2021-2022
Emerson Royal;Tottenham Hotspur;14/01/1999;183 cm;DF;2021-2022
Julio Enciso;Brighton & Hove Albion;23/01/2004;173 cm;FW;2021-2022
Christian Eriksen;Manchester United;14/02/1992;182 cm;MF;2021-2022
Pervis Estupiñán;Brighton & Hove Albion;21/01/1998;175 cm;DF;2021-2022
Jonny Evans;Leicester City;03/01/1988;188 cm;DF;2021-2022
Eberechi Eze;Crystal Palace;29/06/1998;178 cm;MF;2021-2022
Łukasz Fabiański;West Ham United;18/04/1985;190 cm;GK;2021-2022
Fabinho;Liverpool FC;23/10/1993;188 cm;MF;2021-2022
Fabio Carvalho;Liverpool FC;30/08/2002;170 cm;FW;2021-2022
Fábio Vieira;Arsenal FC;30/05/2000;170 cm;MF;2021-2022
Wout Faes;Leicester City;03/04/1998;187 cm;DF;2021-2022
Josh Feeney;Aston Villa;06/05/2005;193 cm;DF;2021-2022
Felipe Monteiro;Nottingham Forest;16/05/1989;190 cm;DF;2021-2022
Evan Ferguson;Brighton & Hove Albion;19/10/2004;183 cm;FW;2021-2022
Nathan Ferguson;Crystal Palace;06/10/2000;184 cm;DF;2021-2022
Enzo Fernández;Chelsea FC;17/01/2001;180 cm;MF;2021-2022
Phil Foden;Manchester City;28/05/2000;171 cm;MF;2021-2022
David Fofana;Chelsea FC;22/12/2002;181 cm;FW;2021-2022
Wesley Fofana;Chelsea FC;17/12/2000;186 cm;DF;2021-2022
Michael Forbes;West Ham United;29/04/2004;188 cm;DF;2021-2022
Adam Forshaw;Leeds United;08/10/1991;175 cm;MF;2021-2022
Fraser Forster;Tottenham Hotspur;17/03/1988;201 cm;GK;2021-2022
Chris Francis;AFC Bournemouth;15/11/2002;173;DF;2021-2022
Tyrese Francois;Fulham FC;16/07/2000;167 cm;MF;2021-2022
Nathan Fraser;Wolverhampton Wanderers;22/02/2005;173;FW;2021-2022
Ryan Fraser;Newcastle United;24/02/1994;163 cm;FW;2021-2022
Melkamu Frauendorf;Liverpool FC;12/01/2004;180 cm;FW;2021-2022
Fred;Manchester United;05/03/1993;169 cm;MF;2021-2022
Ryan Fredericks;AFC Bournemouth;10/10/1992;181 cm;DF;2021-2022
Tyler Fredricson;Manchester United;23/02/2005;173;DF;2021-2022
Remo Freuler;Nottingham Forest;15/04/1992;181 cm;MF;2021-2022
Gabriel;Arsenal FC;19/12/1997;190 cm;DF;2021-2022
Gabriel Jesus;Arsenal FC;03/04/1997;175 cm;FW;2021-2022
Gabriel Martinelli;Arsenal FC;18/06/2001;178 cm;FW;2021-2022
Cody Gakpo;Liverpool FC;07/05/1999;187 cm;FW;2021-2022
Conor Gallagher;Chelsea FC;06/02/2000;182 cm;MF;2021-2022
Alejandro Garnacho;Manchester United;01/07/2004;180 cm;FW;2021-2022
James Garner;Everton FC;13/03/2001;186 cm;MF;2021-2022
Saman Ghoddos;Brentford FC;06/09/1993;176 cm;FW;2021-2022
Morgan Gibbs-White;Nottingham Forest;27/01/2000;171 cm;MF;2021-2022
Alex Gibson-Hammond;Nottingham Forest;10/11/2002;178 cm;MF;2021-2022
Alex Gilbert;Brentford FC;28/12/2001;183 cm;FW;2021-2022
Mark Gillespie;Newcastle United;27/03/1992;191 cm;GK;2021-2022
Billy Gilmour;Brighton & Hove Albion;11/06/2001;170 cm;MF;2021-2022
Wilfried Gnonto;Leeds United;05/11/2003;170 cm;FW;2021-2022
Ben Godfrey;Everton FC;15/01/1998;184 cm;DF;2021-2022
Martial Godo;Fulham FC;14/03/2003;173;MF;2021-2022
Joe Gomez;Liverpool FC;23/05/1997;188 cm;DF;2021-2022
Owen Goodman;Crystal Palace;27/11/2003;193 cm;GK;2021-2022
Anthony Gordon;Newcastle United;24/02/2001;182 cm;FW;2021-2022
Archie Gray;Leeds United;12/03/2006;183 cm;MF;2021-2022
Demarai Gray;Everton FC;28/06/1996;183 cm;FW;2021-2022
Jack Grealish;Manchester City;10/09/1995;180 cm;MF;2021-2022
Ben Greenwood;AFC Bournemouth;20/02/2003;173;DF;2021-2022
Mason Greenwood;Manchester United;01/10/2001;181 cm;FW;2021-2022
Sam Greenwood;Leeds United;26/01/2002;180 cm;FW;2021-2022
Harvey Griffiths;Wolverhampton Wanderers;22/09/2003;191 cm;MF;2021-2022
Pascal Groß;Brighton & Hove Albion;15/06/1991;181 cm;MF;2021-2022
Guaita;Crystal Palace;10/01/1987;190 cm;GK;2021-2022
Marc Guéhi;Crystal Palace;13/07/2000;182 cm;DF;2021-2022
Idrissa Gueye;Everton FC;26/09/1989;174 cm;MF;2021-2022
İlkay Gündoğan;Manchester City;24/10/1990;180 cm;MF;2021-2022
Gustavo Scarpa;Nottingham Forest;05/01/1994;177 cm;MF;2021-2022
Darko Gyabi;Leeds United;18/02/2004;196 cm;MF;2021-2022
Erling Haaland;Manchester City;21/07/2000;194 cm;FW;2021-2022
Lewis Hall;Chelsea FC;08/09/2004;179 cm;MF;2021-2022
Oliver Hammond;Nottingham Forest;13/11/2002;179 cm;MF;2021-2022
Luke Harris;Fulham FC;03/04/2005;177 cm;MF;2021-2022
Jack Harrison;Leeds United;20/11/1996;175 cm;MF;2021-2022
Kai Havertz;Chelsea FC;11/06/1999;193 cm;FW;2021-2022
Tom Heaton;Manchester United;15/04/1986;188 cm;GK;2021-2022
Krisztián Hegyi;West Ham United;24/09/2002;193 cm;GK;2021-2022
Karl Hein;Arsenal FC;13/04/2002;193 cm;GK;2021-2022
Dean Henderson;Nottingham Forest;12/03/1997;188 cm;GK;2021-2022
Jordan Henderson;Liverpool FC;17/06/1990;187 cm;MF;2021-2022
Wayne Hennessey;Nottingham Forest;24/01/1987;198 cm;GK;2021-2022
Rico Henry;Brentford FC;08/07/1997;170 cm;DF;2021-2022
Aaron Hickey;Brentford FC;10/06/2002;185 cm;DF;2021-2022
James Hillson;Arsenal FC;14/01/2001;180 cm;GK;2021-2022
Jack Hinchy;Brighton & Hove Albion;30/01/2003;173;MF;2021-2022
Jack Hinshelwood;Brighton & Hove Albion;11/04/2005;173;MF;2021-2022
Joe Hodge;Wolverhampton Wanderers;14/09/2002;172 cm;MF;2021-2022
Rob Holding;Arsenal FC;20/09/1995;189 cm;DF;2021-2022
Mason Holgate;Everton FC;22/10/1996;187 cm;DF;2021-2022
Pierre-Emile Højbjerg;Tottenham Hotspur;05/08/1995;185 cm;MF;2021-2022
Will Hughes;Crystal Palace;17/04/1995;185 cm;MF;2021-2022
Hugo Bueno;Wolverhampton Wanderers;18/09/2002;180 cm;DF;2021-2022
Omari Hutchinson;Chelsea FC;29/10/2003;174 cm;MF;2021-2022
Hee-chan Hwang;Wolverhampton Wanderers;26/01/1996;177 cm;FW;2021-2022
Bradley Ibrahim;Arsenal FC;21/10/2004;173;MF;2021-2022
Kelechi Iheanacho;Leicester City;03/10/1996;185 cm;FW;2021-2022
Danny Ings;West Ham United;23/07/1992;178 cm;FW;2021-2022
Zidane Iqbal;Manchester United;27/04/2003;181 cm;MF;2021-2022
Alexander Isak;Newcastle United;21/09/1999;192 cm;FW;2021-2022
Daniel Iversen;Leicester City;19/07/1997;193 cm;GK;2021-2022
Alex Iwobi;Everton FC;03/05/1996;183 cm;MF;2021-2022
Dan James;Fulham FC;10/11/1997;170 cm;FW;2021-2022
Reece James;Chelsea FC;08/12/1999;179 cm;DF;2021-2022
Vitaly Janelt;Brentford FC;10/05/1998;184 cm;MF;2021-2022
Pontus Jansson;Brentford FC;13/02/1991;194 cm;DF;2021-2022
Mathias Jensen;Brentford FC;01/01/1996;180 cm;MF;2021-2022
Raúl Jiménez;Wolverhampton Wanderers;05/05/1991;190 cm;FW;2021-2022
João Félix;Chelsea FC;10/11/1999;181 cm;FW;2021-2022
João Gomes;Wolverhampton Wanderers;12/02/2001;176 cm;MF;2021-2022
João Moutinho;Wolverhampton Wanderers;08/09/1986;170 cm;MF;2021-2022
João Palhinha;Fulham FC;09/07/1995;190 cm;MF;2021-2022
Joel;Leeds United;17/06/1990;197 cm;GK;2021-2022
Joelinton;Newcastle United;14/08/1996;186 cm;MF;2021-2022
Kyle John;Everton FC;13/02/2001;166 cm;DF;2021-2022
Ben Johnson;West Ham United;24/01/2000;175 cm;DF;2021-2022
Brennan Johnson;Nottingham Forest;23/05/2001;179 cm;FW;2021-2022
Sam Johnstone;Crystal Palace;25/03/1993;193 cm;GK;2021-2022
Curtis Jones;Liverpool FC;30/01/2001;185 cm;MF;2021-2022
Phil Jones;Manchester United;21/02/1992;185 cm;DF;2021-2022
Jonny;Wolverhampton Wanderers;03/03/1994;175 cm;DF;2021-2022
Jorginho;Arsenal FC;20/12/1991;178 cm;MF;2021-2022
José Sá;Wolverhampton Wanderers;17/01/1993;192 cm;GK;2021-2022
Juan Larios;Southampton FC;12/01/2004;173 cm;DF;2021-2022
Junior Firpo;Leeds United;22/08/1996;184 cm;DF;2021-2022
James Justin;Leicester City;23/02/1998;183 cm;DF;2021-2022
Saša Kalajdžić;Wolverhampton Wanderers;07/07/1997;200 cm;FW;2021-2022
Boubacar Kamara;Aston Villa;23/11/1999;184 cm;MF;2021-2022
Harry Kane;Tottenham Hotspur;28/07/1993;188 cm;FW;2021-2022
N'Golo Kanté;Chelsea FC;29/03/1991;171 cm;MF;2021-2022
Loris Karius;Newcastle United;22/06/1993;191 cm;GK;2021-2022
Michael Keane;Everton FC;11/01/1993;188 cm;DF;2021-2022
Neeskens Kebano;Fulham FC;10/03/1992;170 cm;FW;2021-2022
Thilo Kehrer;West Ham United;21/09/1996;186 cm;DF;2021-2022
Naby Keïta;Liverpool FC;10/02/1995;172 cm;MF;2021-2022
Caoimhín Kelleher;Liverpool FC;23/11/1998;188 cm;GK;2021-2022
Lloyd Kelly;AFC Bournemouth;06/10/1998;190 cm;DF;2021-2022
Kepa;Chelsea FC;03/10/1994;189 cm;GK;2021-2022
Maximilian Kilman;Wolverhampton Wanderers;23/05/1997;194 cm;DF;2021-2022
Maxwell Kinsey-Wellings;AFC Bournemouth;02/02/2005;173;DF;2021-2022
Jakub Kiwior;Arsenal FC;15/02/2000;189 cm;DF;2021-2022
Kristoffer Klaesson;Leeds United;27/11/2000;189 cm;GK;2021-2022
Ben Knight;Manchester City;14/06/2002;170 cm;FW;2021-2022
Robin Koch;Leeds United;17/07/1996;191 cm;DF;2021-2022
Ibrahima Konaté;Liverpool FC;25/05/1999;194 cm;DF;2021-2022
Ezri Konsa;Aston Villa;23/10/1997;183 cm;DF;2021-2022
Kalidou Koulibaly;Chelsea FC;20/06/1991;186 cm;DF;2021-2022
Cheikhou Kouyaté;Nottingham Forest;21/12/1989;189 cm;MF;2021-2022
Mateo Kovačić;Chelsea FC;06/05/1994;177 cm;MF;2021-2022
Emil Krafth;Newcastle United;02/08/1994;184 cm;DF;2021-2022
Rasmus Kristensen;Leeds United;11/07/1997;187 cm;DF;2021-2022
Victor Kristiansen;Leicester City;16/12/2002;181 cm;DF;2021-2022
Dejan Kulusevski;Tottenham Hotspur;25/04/2000;186 cm;FW;2021-2022
Layvin Kurzawa;Fulham FC;04/09/1992;182 cm;DF;2021-2022
Levi Laing;West Ham United;12/04/2003;188 cm;MF;2021-2022
Adam Lallana;Brighton & Hove Albion;10/05/1988;172 cm;MF;2021-2022
Tariq Lamptey;Brighton & Hove Albion;30/09/2000;163 cm;DF;2021-2022
Manuel Lanzini;West Ham United;15/02/1993;167 cm;MF;2021-2022
Aymeric Laporte;Manchester City;27/05/1994;190 cm;DF;2021-2022
Jamaal Lascelles;Newcastle United;11/11/1993;188 cm;DF;2021-2022
Roméo Lavia;Southampton FC;06/01/2004;181 cm;MF;2021-2022
Dexter Lembikisa;Wolverhampton Wanderers;04/11/2003;180 cm;DF;2021-2022
Mario Lemina;Wolverhampton Wanderers;01/09/1993;184 cm;MF;2021-2022
Clément Lenglet;Tottenham Hotspur;17/06/1995;186 cm;DF;2021-2022
Bernd Leno;Fulham FC;04/03/1992;190 cm;GK;2021-2022
Jefferson Lerma;AFC Bournemouth;25/10/1994;179 cm;MF;2021-2022
Jamal Lewis;Newcastle United;25/01/1998;178 cm;DF;2021-2022
Rico Lewis;Manchester City;21/11/2004;169 cm;DF;2021-2022
Keane Lewis-Potter;Brentford FC;22/02/2001;170 cm;FW;2021-2022
Victor Lindelöf;Manchester United;17/07/1994;187 cm;DF;2021-2022
Jesse Lingard;Nottingham Forest;15/12/1992;175 cm;MF;2021-2022
Tino Livramento;Southampton FC;12/11/2002;173 cm;DF;2021-2022
Hugo Lloris;Tottenham Hotspur;26/12/1986;188 cm;GK;2021-2022
Ruben Loftus-Cheek;Chelsea FC;23/01/1996;191 cm;MF;2021-2022
Albert Lokonga;Crystal Palace;22/10/1999;183 cm;MF;2021-2022
Andy Lonergan;Everton FC;19/10/1983;193 cm;GK;2021-2022
Matthew Longstaff;Newcastle United;21/03/2000;171 cm;MF;2021-2022
Sean Longstaff;Newcastle United;30/10/1997;181 cm;MF;2021-2022
Lucas Moura;Tottenham Hotspur;13/08/1992;172 cm;FW;2021-2022
Lucas Paquetá;West Ham United;27/08/1997;180 cm;MF;2021-2022
Luizão;West Ham United;08/03/2002;187 cm;DF;2021-2022
Saša Lukić;Fulham FC;13/08/1996;182 cm;MF;2021-2022
Lyanco;Southampton FC;01/02/1997;187 cm;DF;2021-2022
Alexis Mac Allister;Brighton & Hove Albion;24/12/1998;174 cm;MF;2021-2022
James Maddison;Leicester City;23/11/1996;175 cm;MF;2021-2022
Noni Madueke;Chelsea FC;10/03/2002;182 cm;FW;2021-2022
Harry Maguire;Manchester United;05/03/1993;194 cm;DF;2021-2022
Riyad Mahrez;Manchester City;21/02/1991;179 cm;FW;2021-2022
Kobbie Mainoo;Manchester United;19/04/2005;175 cm;MF;2021-2022
Ainsley Maitland-Niles;Southampton FC;29/08/1997;180 cm;MF;2021-2022
Tyrell Malacia;Manchester United;17/08/1999;169 cm;DF;2021-2022
Orel Mangala;Nottingham Forest;18/03/1998;178 cm;MF;2021-2022
Manquillo;Newcastle United;05/05/1994;178 cm;DF;2021-2022
Sékou Mara;Southampton FC;30/07/2002;183 cm;FW;2021-2022
Marc Roca;Leeds United;26/11/1996;184 cm;MF;2021-2022
Wanya Marçal-Madivadua;Leicester City;19/10/2002;181 cm;MF;2021-2022
Solly March;Brighton & Hove Albion;20/07/1994;180 cm;MF;2021-2022
Anthony Martial;Manchester United;05/12/1995;181 cm;FW;2021-2022
Emiliano Martínez;Aston Villa;02/09/1992;195 cm;GK;2021-2022
Lisandro Martínez;Manchester United;18/01/1998;175 cm;DF;2021-2022
Mateo Fernández;Leeds United;19/10/2003;180 cm;FW;2021-2022
Jean-Philippe Mateta;Crystal Palace;28/06/1997;192 cm;FW;2021-2022
Matheus Cunha;Wolverhampton Wanderers;27/05/1999;184 cm;FW;2021-2022
Matheus Nunes;Wolverhampton Wanderers;27/08/1998;184 cm;MF;2021-2022
Joel Matip;Liverpool FC;08/08/1991;195 cm;DF;2021-2022
Neal Maupay;Everton FC;14/08/1996;173 cm;FW;2021-2022
Mauro Bandeira;Arsenal FC;19/04/2004;173;MF;2021-2022
Bryan Mbeumo;Brentford FC;07/08/1999;171 cm;FW;2021-2022
James McArthur;Crystal Palace;07/10/1987;178 cm;MF;2021-2022
Alex McCarthy;Southampton FC;03/12/1989;193 cm;GK;2021-2022
Callum McFarlane;Fulham FC;08/09/2003;185 cm;FW;2021-2022
Thomas McGill;Brighton & Hove Albion;25/03/2000;185 cm;GK;2021-2022
John McGinn;Aston Villa;18/10/1994;178 cm;MF;2021-2022
Scott McKenna;Nottingham Forest;12/11/1996;189 cm;DF;2021-2022
Weston McKennie;Leeds United;28/08/1998;183 cm;MF;2021-2022
Dwight McNeil;Everton FC;22/11/1999;183 cm;FW;2021-2022
Scott McTominay;Manchester United;08/12/1996;191 cm;MF;2021-2022
Ben Mee;Brentford FC;21/09/1989;180 cm;DF;2021-2022
Benjamin Mendy;Manchester City;17/07/1994;185 cm;DF;2021-2022
Edouard Mendy;Chelsea FC;01/03/1992;194 cm;GK;2021-2022
Nampalys Mendy;Leicester City;23/06/1992;167 cm;MF;2021-2022
Teden Mengi;Manchester United;30/04/2002;186 cm;DF;2021-2022
Chris Mepham;AFC Bournemouth;05/11/1997;191 cm;DF;2021-2022
Illan Meslier;Leeds United;02/03/2000;197 cm;GK;2021-2022
Alexander Mighten;Nottingham Forest;11/04/2002;171 cm;FW;2021-2022
Lewis Miley;Newcastle United;01/05/2006;173;MF;2021-2022
Luka Milivojević;Crystal Palace;07/04/1991;186 cm;MF;2021-2022
Amari Miller;Leeds United;04/11/2002;174 cm;FW;2021-2022
Stanley Mills;Everton FC;25/10/2003;180 cm;MF;2021-2022
James Milner;Liverpool FC;04/01/1986;175 cm;MF;2021-2022
Yerry Mina;Everton FC;23/09/1994;195 cm;DF;2021-2022
Tyrone Mings;Aston Villa;13/03/1993;196 cm;DF;2021-2022
Tyrick Mitchell;Crystal Palace;01/09/1999;175 cm;DF;2021-2022
Kaoru Mitoma;Brighton & Hove Albion;20/05/1997;178 cm;MF;2021-2022
Aleksandar Mitrović;Fulham FC;16/09/1994;189 cm;FW;2021-2022
Jakub Moder;Brighton & Hove Albion;07/04/1999;191 cm;MF;2021-2022
Kieffer Moore;AFC Bournemouth;08/08/1992;195 cm;FW;2021-2022
Kris Moore;Leeds United;13/11/2003;189 cm;DF;2021-2022
Andrew Moran;Brighton & Hove Albion;15/10/2003;168 cm;MF;2021-2022
Mason Mount;Chelsea FC;10/01/1999;181 cm;MF;2021-2022
Divin Mubama;West Ham United;25/10/2004;183 cm;FW;2021-2022
Mykhaylo Mudryk;Chelsea FC;05/01/2001;175 cm;MF;2021-2022
Romaine Mundle;Tottenham Hotspur;24/04/2003;177 cm;MF;2021-2022
Jacob Murphy;Newcastle United;24/02/1995;173 cm;MF;2021-2022
Vitaliy Mykolenko;Everton FC;29/05/1999;180 cm;DF;2021-2022
Keylor Navas;Nottingham Forest;15/12/1986;185 cm;GK;2021-2022
Wilfred Ndidi;Leicester City;16/12/1996;183 cm;MF;2021-2022
Reiss Nelson;Arsenal FC;10/12/1999;175 cm;FW;2021-2022
Nélson Semedo;Wolverhampton Wanderers;16/11/1993;177 cm;DF;2021-2022
Neto;AFC Bournemouth;19/07/1989;190 cm;GK;2021-2022
Moussa Niakhaté;Nottingham Forest;08/03/1996;190 cm;DF;2021-2022
Eddie Nketiah;Arsenal FC;30/05/1999;180 cm;FW;2021-2022
Christian Nørgaard;Brentford FC;10/03/1994;187 cm;MF;2021-2022
Darwin Núñez;Liverpool FC;24/06/1999;187 cm;FW;2021-2022
Ethan Nwaneri;Arsenal FC;21/03/2007;165 cm;MF;2021-2022
Odeluga Offiah;Brighton & Hove Albion;26/10/2002;181 cm;DF;2021-2022
Angelo Ogbonna;West Ham United;23/05/1988;191 cm;DF;2021-2022
Ferdinand Okoh;AFC Bournemouth;03/06/2004;173;MF;2021-2022
Michael Olise;Crystal Palace;12/12/2001;184 cm;MF;2021-2022
Robin Olsen;Aston Villa;08/01/1990;196 cm;GK;2021-2022
Amadou Onana;Everton FC;16/08/2001;195 cm;MF;2021-2022
Paul Onuachu;Southampton FC;28/05/1994;201 cm;FW;2021-2022
Frank Onyeka;Brentford FC;01/01/1998;183 cm;MF;2021-2022
Lewis Orford;West Ham United;18/02/2006;173;MF;2021-2022
Mislav Oršić;Southampton FC;29/12/1992;179 cm;FW;2021-2022
Stefan Ortega;Manchester City;06/11/1992;185 cm;GK;2021-2022
Detlef Osong;Nottingham Forest;21/09/2004;173 cm;FW;2021-2022
Dango Ouattara;AFC Bournemouth;11/02/2002;177 cm;FW;2021-2022
Alex Oxlade-Chamberlain;Liverpool FC;15/08/1993;175 cm;MF;2021-2022
David Ozoh;Crystal Palace;01/06/2005;189 cm;MF;2021-2022
Martin Ødegaard;Arsenal FC;17/12/1998;178 cm;MF;2021-2022
Pablo Fornals;West Ham United;22/02/1996;178 cm;MF;2021-2022
Pablo Sarabia;Wolverhampton Wanderers;11/05/1992;174 cm;MF;2021-2022
Cole Palmer;Manchester City;06/05/2002;182 cm;MF;2021-2022
Stefan Parkes;Fulham FC;28/03/2004;173 cm;DF;2021-2022
Thomas Partey;Arsenal FC;13/06/1993;185 cm;MF;2021-2022
Nathan Patterson;Everton FC;16/10/2001;189 cm;DF;2021-2022
Pedro Neto;Wolverhampton Wanderers;09/03/2000;173 cm;FW;2021-2022
Pedro Porro;Tottenham Hotspur;13/09/1999;176 cm;DF;2021-2022
Facundo Pellistri;Manchester United;20/12/2001;174 cm;MF;2021-2022
Ivan Perišić;Tottenham Hotspur;02/02/1989;186 cm;MF;2021-2022
Sonny Perkins;Leeds United;10/02/2004;178 cm;MF;2021-2022
Romain Perraud;Southampton FC;22/09/1997;173 cm;DF;2021-2022
Máximo Perrone;Manchester City;07/01/2003;180 cm;MF;2021-2022
Cameron Peupion;Brighton & Hove Albion;23/09/2002;175 cm;MF;2021-2022
Kalvin Phillips;Manchester City;02/12/1995;179 cm;MF;2021-2022
Nathaniel Phillips;Liverpool FC;21/03/1997;190 cm;DF;2021-2022
Jordan Pickford;Everton FC;07/03/1994;185 cm;GK;2021-2022
Ethan Pinnock;Brentford FC;29/05/1993;187 cm;DF;2021-2022
Cameron Plain;AFC Bournemouth;28/11/2002;173;GK;2021-2022
Euan Pollock;AFC Bournemouth;03/10/2002;173 cm;FW;2021-2022
Nick Pope;Newcastle United;19/04/1992;198 cm;GK;2021-2022
Freddie Potts;West Ham United;12/09/2003;183 cm;MF;2021-2022
Dennis Praet;Leicester City;14/05/1994;181 cm;MF;2021-2022
Isaac Price;Everton FC;26/09/2003;197 cm;MF;2021-2022
Christian Pulišić;Chelsea FC;18/09/1998;178 cm;FW;2021-2022
Calvin Ramsay;Liverpool FC;31/07/2003;177 cm;DF;2021-2022
Aaron Ramsdale;Arsenal FC;14/05/1998;190 cm;GK;2021-2022
Jacob Ramsey;Aston Villa;28/05/2001;180 cm;MF;2021-2022
Darren Randolph;AFC Bournemouth;12/05/1987;188 cm;GK;2021-2022
Marcus Rashford;Manchester United;31/10/1997;185 cm;FW;2021-2022
Tim Ream;Fulham FC;05/10/1987;186 cm;DF;2021-2022
Harrison Reed;Fulham FC;27/01/1995;181 cm;MF;2021-2022
Renan Lodi;Nottingham Forest;08/04/1998;173 cm;DF;2021-2022
Sebastian Revan;Aston Villa;14/07/2003;181 cm;DF;2021-2022
Ricardo Pereira;Leicester City;06/10/1993;175 cm;DF;2021-2022
Declan Rice;West Ham United;14/01/1999;185 cm;MF;2021-2022
Chris Richards;Crystal Palace;28/03/2000;188 cm;DF;2021-2022
Omar Richards;Nottingham Forest;15/02/1998;174 cm;DF;2021-2022
Richarlison;Tottenham Hotspur;10/05/1997;184 cm;FW;2021-2022
Jaïro Riedewald;Crystal Palace;09/09/1996;182 cm;MF;2021-2022
Matt Ritchie;Newcastle United;10/09/1989;173 cm;DF;2021-2022
Robert Sánchez;Brighton & Hove Albion;18/11/1997;197 cm;GK;2021-2022
Roberto Firmino;Liverpool FC;02/10/1991;181 cm;FW;2021-2022
Alex Robertson;Manchester City;17/04/2003;182 cm;MF;2021-2022
Andy Robertson;Liverpool FC;11/03/1994;178 cm;DF;2021-2022
Antonee Robinson;Fulham FC;08/08/1997;183 cm;DF;2021-2022
Charlie Robinson;Fulham FC;19/09/2004;188 cm;DF;2021-2022
Marek Rodák;Fulham FC;13/12/1996;194 cm;GK;2021-2022
Kaden Rodney;Crystal Palace;07/10/2004;173;MF;2021-2022
Rodri;Manchester City;22/06/1996;191 cm;MF;2021-2022
Rodrigo;Leeds United;06/03/1991;182 cm;FW;2021-2022
Mads Roerslev;Brentford FC;24/06/1999;184 cm;DF;2021-2022
Cristian Romero;Tottenham Hotspur;27/04/1998;185 cm;DF;2021-2022
Joe Rothwell;AFC Bournemouth;11/01/1995;185 cm;MF;2021-2022
Rúben Dias;Manchester City;14/05/1997;187 cm;DF;2021-2022
Rúben Neves;Wolverhampton Wanderers;13/03/1997;180 cm;MF;2021-2022
Rúben Vinagre;Everton FC;09/04/1999;174 cm;DF;2021-2022
Georginio Rutter;Leeds United;20/04/2002;182 cm;FW;2021-2022
Marcel Sabitzer;Manchester United;17/03/1994;178 cm;MF;2021-2022
Dominic Sadi;AFC Bournemouth;02/09/2003;173;MF;2021-2022
Charles Sagoe;Arsenal FC;24/07/2004;168 cm;MF;2021-2022
Allan Saint-Maximin;Newcastle United;12/03/1997;173 cm;FW;2021-2022
Bukayo Saka;Arsenal FC;05/09/2001;178 cm;MF;2021-2022
Mo Salah;Liverpool FC;15/06/1992;175 cm;FW;2021-2022
William Saliba;Arsenal FC;24/03/2001;192 cm;DF;2021-2022
Mohammed Salisu;Southampton FC;17/04/1999;191 cm;DF;2021-2022
Ishé Samuels-Smith;Everton FC;05/06/2006;190 cm;DF;2021-2022
Davinson Sánchez;Tottenham Hotspur;12/06/1996;187 cm;DF;2021-2022
Jadon Sancho;Manchester United;25/03/2000;180 cm;FW;2021-2022
Jeremy Sarmiento;Brighton & Hove Albion;16/06/2002;183 cm;MF;2021-2022
Pape Sarr;Tottenham Hotspur;14/09/2002;184 cm;MF;2021-2022
Gianluca Scamacca;West Ham United;01/01/1999;195 cm;FW;2021-2022
Oliver Scarles;West Ham United;12/12/2005;173;MF;2021-2022
Kevin Schade;Brentford FC;27/11/2001;183 cm;FW;2021-2022
Fabian Schär;Newcastle United;20/12/1991;186 cm;DF;2021-2022
Jeffrey Schlupp;Crystal Palace;23/12/1992;178 cm;MF;2021-2022
Kristian Šekularac;Fulham FC;07/12/2003;185 cm;MF;2021-2022
Antoine Semenyo;AFC Bournemouth;07/01/2000;185 cm;FW;2021-2022
Marcos Senesi;AFC Bournemouth;10/05/1997;185 cm;DF;2021-2022
Sergio Gómez;Manchester City;04/09/2000;171 cm;DF;2021-2022
Ryan Sessegnon;Tottenham Hotspur;18/05/2000;178 cm;MF;2021-2022
Luke Shaw;Manchester United;12/07/1995;178 cm;DF;2021-2022
George Shelvey;Nottingham Forest;22/04/2001;188 cm;GK;2021-2022
Jonjo Shelvey;Nottingham Forest;27/02/1992;184 cm;MF;2021-2022
Ellis Simms;Everton FC;05/01/2001;191 cm;FW;2021-2022
Kamarai Simon-Swyer;West Ham United;04/12/2002;183 cm;MF;2021-2022
Viljami Sinisalo;Aston Villa;11/10/2001;190 cm;GK;2021-2022
Luis Sinisterra;Leeds United;17/06/1999;172 cm;MF;2021-2022
Oliver Skipp;Tottenham Hotspur;16/09/2000;175 cm;MF;2021-2022
Gabriel Słonina;Chelsea FC;15/05/2004;193 cm;GK;2021-2022
Adam Smith;AFC Bournemouth;29/04/1991;180 cm;DF;2021-2022
Matt Smith;Arsenal FC;05/10/2000;176 cm;MF;2021-2022
Emile Smith Rowe;Arsenal FC;28/07/2000;182 cm;MF;2021-2022
Alex Smithies;Leicester City;05/03/1990;185 cm;GK;2021-2022
Joe Snowdon;Leeds United;14/02/2004;173;MF;2021-2022
Dominic Solanke;AFC Bournemouth;14/09/1997;187 cm;FW;2021-2022
Manor Solomon;Fulham FC;24/07/1999;167 cm;FW;2021-2022
Heung-min Son;Tottenham Hotspur;08/07/1992;184 cm;FW;2021-2022
Tomáš Souček;West Ham United;27/02/1995;192 cm;MF;2021-2022
Boubakary Soumaré;Leicester City;27/02/1999;188 cm;MF;2021-2022
Lino Sousa;Arsenal FC;19/01/2005;185 cm;DF;2021-2022
Harry Souttar;Leicester City;22/10/1998;198 cm;DF;2021-2022
Çağlar Söyüncü;Leicester City;23/05/1996;185 cm;DF;2021-2022
Jack Stacey;AFC Bournemouth;06/04/1996;180 cm;DF;2021-2022
Junior Stanislas;AFC Bournemouth;26/11/1989;183 cm;MF;2021-2022
Jason Steele;Brighton & Hove Albion;18/08/1990;188 cm;GK;2021-2022
Jed Steer;Aston Villa;23/09/1992;183 cm;GK;2021-2022
Stefan Bajčetić;Liverpool FC;22/10/2004;185 cm;MF;2021-2022
Jack Stephens;AFC Bournemouth;27/01/1994;185 cm;DF;2021-2022
Raheem Sterling;Chelsea FC;08/12/1994;172 cm;FW;2021-2022
Finley Stevens;Brentford FC;10/04/2003;179 cm;DF;2021-2022
Layton Stewart;Liverpool FC;03/09/2002;181 cm;FW;2021-2022
John Stones;Manchester City;28/05/1994;188 cm;DF;2021-2022
Thomas Strakosha;Brentford FC;19/03/1995;186 cm;GK;2021-2022
Pascal Struijk;Leeds United;11/08/1999;190 cm;DF;2021-2022
Kamaldeen Sulemana;Southampton FC;15/02/2002;174 cm;FW;2021-2022
Crysencio Summerville;Leeds United;30/10/2001;174 cm;MF;2021-2022
Sam Surridge;Nottingham Forest;28/07/1998;191 cm;FW;2021-2022
Sil Swinkels;Aston Villa;06/01/2004;191 cm;DF;2021-2022
Japhet Tanganga;Tottenham Hotspur;31/03/1999;184 cm;DF;2021-2022
Matt Targett;Newcastle United;18/09/1995;183 cm;DF;2021-2022
James Tarkowski;Everton FC;19/11/1992;185 cm;DF;2021-2022
Marcus Tavernier;AFC Bournemouth;22/03/1999;178 cm;MF;2021-2022
Lyle Taylor;Nottingham Forest;29/03/1990;188 cm;FW;2021-2022
Tetê;Leicester City;15/02/2000;175 cm;FW;2021-2022
Kenny Tete;Fulham FC;09/10/1995;180 cm;DF;2021-2022
Thiago;Liverpool FC;11/04/1991;174 cm;MF;2021-2022
Thiago Silva;Chelsea FC;22/09/1984;181 cm;DF;2021-2022
Luke Thomas;Leicester City;10/06/2001;181 cm;DF;2021-2022
Youri Tielemans;Leicester City;07/05/1997;176 cm;MF;2021-2022
Kieran Tierney;Arsenal FC;05/06/1997;180 cm;DF;2021-2022
Harry Toffolo;Nottingham Forest;19/08/1995;183 cm;DF;2021-2022
Takehiro Tomiyasu;Arsenal FC;05/11/1998;188 cm;DF;2021-2022
James Tomkins;Crystal Palace;29/03/1989;192 cm;DF;2021-2022
Ivan Toney;Brentford FC;16/03/1996;179 cm;FW;2021-2022
Toti;Wolverhampton Wanderers;16/01/1999;187 cm;DF;2021-2022
Andros Townsend;Everton FC;16/07/1991;181 cm;FW;2021-2022
Bertrand Traoré;Aston Villa;06/09/1995;181 cm;FW;2021-2022
Boubacar Traoré;Wolverhampton Wanderers;20/08/2001;183 cm;MF;2021-2022
Hamed Traorè;AFC Bournemouth;16/02/2000;184 cm;MF;2021-2022
Mark Travers;AFC Bournemouth;18/05/1999;191 cm;GK;2021-2022
Ryan Trevitt;Brentford FC;12/03/2003;173;MF;2021-2022
Kieran Trippier;Newcastle United;19/09/1990;173 cm;DF;2021-2022
Leandro Trossard;Arsenal FC;04/12/1994;172 cm;FW;2021-2022
Kostas Tsimikas;Liverpool FC;12/05/1996;179 cm;DF;2021-2022
Matt Turner;Arsenal FC;24/06/1994;191 cm;GK;2021-2022
Deniz Undav;Brighton & Hove Albion;19/07/1996;178 cm;FW;2021-2022
Donny van de Beek;Manchester United;18/04/1997;184 cm;MF;2021-2022
Dani van den Heuvel;Leeds United;28/05/2003;184 cm;GK;2021-2022
Virgil van Dijk;Liverpool FC;08/07/1991;193 cm;DF;2021-2022
Jan Paul van Hecke;Brighton & Hove Albion;08/06/2000;189 cm;DF;2021-2022
Raphaël Varane;Manchester United;25/04/1993;191 cm;DF;2021-2022
Jamie Vardy;Leicester City;11/01/1987;179 cm;FW;2021-2022
Joël Veltman;Brighton & Hove Albion;15/01/1992;184 cm;DF;2021-2022
Jannik Vestergaard;Leicester City;03/08/1992;199 cm;DF;2021-2022
Matías Viña;AFC Bournemouth;09/11/1997;180 cm;DF;2021-2022
Radek Vítek;Manchester United;24/10/2003;198 cm;GK;2021-2022
Jack Wadham;AFC Bournemouth;25/02/2003;183 cm;MF;2021-2022
Theo Walcott;Southampton FC;16/03/1989;175 cm;FW;2021-2022
Kyle Walker;Manchester City;28/05/1990;183 cm;DF;2021-2022
Kyle Walker-Peters;Southampton FC;13/04/1997;173 cm;DF;2021-2022
Reuell Walters;Arsenal FC;16/12/2004;173;DF;2021-2022
Aaron Wan-Bissaka;Manchester United;26/11/1997;183 cm;DF;2021-2022
Danny Ward;Leicester City;22/06/1993;191 cm;GK;2021-2022
Joel Ward;Crystal Palace;29/10/1989;186 cm;DF;2021-2022
James Ward-Prowse;Southampton FC;01/11/1994;177 cm;MF;2021-2022
Ollie Watkins;Aston Villa;30/12/1995;180 cm;FW;2021-2022
Adam Webster;Brighton & Hove Albion;04/01/1995;191 cm;DF;2021-2022
Wout Weghorst;Manchester United;07/08/1992;197 cm;FW;2021-2022
Danny Welbeck;Brighton & Hove Albion;26/11/1990;185 cm;FW;2021-2022
Reece Welch;Everton FC;19/09/2003;197 cm;DF;2021-2022
Jack Wells-Morrison;Crystal Palace;18/02/2004;180 cm;MF;2021-2022
Charlie Whitaker;Everton FC;16/09/2003;185 cm;MF;2021-2022
Ben White;Arsenal FC;08/10/1997;186 cm;DF;2021-2022
Alfie Whiteman;Tottenham Hotspur;02/10/1998;189 cm;GK;2021-2022
Joe Whitworth;Crystal Palace;29/02/2004;192 cm;GK;2021-2022
George Wickens;Fulham FC;08/11/2001;183 cm;GK;2021-2022
Brandon Williams;Manchester United;03/09/2000;180 cm;DF;2021-2022
Neco Williams;Nottingham Forest;13/04/2001;183 cm;DF;2021-2022
Rhys Williams;Liverpool FC;03/02/2001;195 cm;DF;2021-2022
Willian;Fulham FC;09/08/1988;175 cm;FW;2021-2022
Joe Willock;Newcastle United;20/08/1999;186 cm;MF;2021-2022
Callum Wilson;Newcastle United;27/02/1992;180 cm;FW;2021-2022
Harry Wilson;Fulham FC;22/03/1997;173 cm;FW;2021-2022
Yoane Wissa;Brentford FC;03/09/1996;176 cm;FW;2021-2022
Max Wöber;Leeds United;04/02/1998;188 cm;DF;2021-2022
Chris Wood;Nottingham Forest;07/12/1991;191 cm;FW;2021-2022
Joe Wormleighton;Leicester City;30/12/2003;178 cm;MF;2021-2022
Joe Worrall;Nottingham Forest;10/01/1997;190 cm;DF;2021-2022
Granit Xhaka;Arsenal FC;27/09/1992;186 cm;MF;2021-2022
Yegor Yarmolyuk;Brentford FC;01/03/2004;180 cm;MF;2021-2022
Ryan Yates;Nottingham Forest;21/11/1997;190 cm;MF;2021-2022
Ashley Young;Aston Villa;09/07/1985;175 cm;DF;2021-2022
Kadan Young;Aston Villa;19/01/2006;173;MF;2021-2022
Ilya Zabarnyi;AFC Bournemouth;01/09/2002;187 cm;DF;2021-2022
Wilfried Zaha;Crystal Palace;10/11/1992;180 cm;MF;2021-2022
Denis Zakaria;Chelsea FC;20/11/1996;190 cm;MF;2021-2022
Zanka;Brentford FC;23/04/1990;191 cm;DF;2021-2022
Jordan Zemura;AFC Bournemouth;14/11/1999;173 cm;DF;2021-2022
Oleksandr Zinchenko;Arsenal FC;15/12/1996;175 cm;DF;2021-2022
Hakim Ziyech;Chelsea FC;19/03/1993;180 cm;FW;2021-2022
Kurt Zouma;West Ham United;27/10/1994;190 cm;DF;2021-2022
Oliwier Zych;Aston Villa;28/06/2004;193 cm;GK;2021-2022
Max Aarons;Norwich City;04/01/2000;178 cm;DF;2022-2023
Ché Adams;Southampton FC;13/07/1996;179 cm;FW;2022-2023
Tayo Adaramola;Crystal Palace;14/11/2003;180 cm;DF;2022-2023
Adrián;Liverpool FC;03/01/1987;190 cm;GK;2022-2023
Derek Agyakwa;Watford FC;19/12/2001;190 cm;DF;2022-2023
Rayan Aït Nouri;Wolverhampton Wanderers;06/06/2001;180 cm;DF;2022-2023
Kristoffer Ajer;Brentford FC;17/04/1998;196 cm;DF;2022-2023
Nathan Aké;Manchester City;18/02/1995;180 cm;DF;2022-2023
Marc Albrighton;Leicester City;18/11/1989;175 cm;MF;2022-2023
Aji Alese;West Ham United;17/01/2001;192 cm;DF;2022-2023
Alex Telles;Manchester United;15/12/1992;181 cm;DF;2022-2023
Trent Alexander-Arnold;Liverpool FC;07/10/1998;180 cm;DF;2022-2023
Alisson;Liverpool FC;02/10/1992;191 cm;GK;2022-2023
Allan;Everton FC;08/01/1991;175 cm;MF;2022-2023
Dele Alli;Everton FC;11/04/1996;188 cm;MF;2022-2023
Miguel Almirón;Newcastle United;10/02/1994;174 cm;MF;2022-2023
Álvaro Fernández;Brentford FC;13/04/1998;186 cm;GK;2022-2023
Álvaro Fernández;Manchester United;23/03/2003;186 cm;DF;2022-2023
Will Alves;Leicester City;04/05/2005;???;MF;2022-2023
Steven Alzate;Brighton & Hove Albion;08/09/1998;180 cm;MF;2022-2023
Daniel Amartey;Leicester City;21/12/1994;186 cm;DF;2022-2023
Joachim Andersen;Crystal Palace;31/05/1996;192 cm;DF;2022-2023
André Gomes;Everton FC;30/07/1993;188 cm;MF;2022-2023
Vincent Angelini;Watford FC;12/09/2003;189 cm;GK;2022-2023
Michail Antonio;West Ham United;28/03/1990;180 cm;FW;2022-2023
Keenan Appiah-Forson;West Ham United;16/10/2001;174 cm;MF;2022-2023
Alphonse Aréola;West Ham United;27/02/1993;195 cm;GK;2022-2023
Adam Armstrong;Southampton FC;10/02/1997;173 cm;FW;2022-2023
Stuart Armstrong;Southampton FC;30/03/1992;183 cm;MF;2022-2023
Harrison Ashby;West Ham United;14/11/2001;180 cm;DF;2022-2023
Ryan Astley;Everton FC;04/10/2001;183 cm;DF;2022-2023
Brandon Austin;Tottenham Hotspur;08/01/1999;188 cm;GK;2022-2023
Zach Awe;Arsenal FC;09/01/2004;192 cm;DF;2022-2023
Jordan Ayew;Crystal Palace;11/09/1991;182 cm;FW;2022-2023
Luke Ayling;Leeds United;25/08/1991;183 cm;DF;2022-2023
Ayoze Pérez;Leicester City;29/07/1993;178 cm;FW;2022-2023
Miguel Azeez;Arsenal FC;20/09/2002;181 cm;MF;2022-2023
Azpilicueta;Chelsea FC;28/08/1989;178 cm;DF;2022-2023
Kwadwo Baah;Watford FC;27/01/2003;183 cm;FW;2022-2023
Daniel Bachmann;Watford FC;09/07/1994;191 cm;GK;2022-2023
Leon Bailey;Aston Villa;09/08/1997;178 cm;MF;2022-2023
Eric Bailly;Manchester United;12/04/1994;187 cm;DF;2022-2023
James Balagizi;Liverpool FC;20/09/2003;189 cm;FW;2022-2023
Tudor Băluţă;Brighton & Hove Albion;27/03/1999;192 cm;MF;2022-2023
Patrick Bamford;Leeds United;05/09/1993;185 cm;FW;2022-2023
Scott Banks;Crystal Palace;26/09/2001;183 cm;MF;2022-2023
Jamal Baptiste;West Ham United;11/11/2003;186 cm;DF;2022-2023
Shandon Baptiste;Brentford FC;08/04/1998;175 cm;MF;2022-2023
Phil Bardsley;Burnley FC;28/06/1985;180 cm;DF;2022-2023
Ross Barkley;Chelsea FC;05/12/1993;185 cm;MF;2022-2023
Ashley Barnes;Burnley FC;30/10/1989;185 cm;FW;2022-2023
Harvey Barnes;Leicester City;09/12/1997;174 cm;MF;2022-2023
Lewis Bate;Leeds United;28/10/2002;172 cm;MF;2022-2023
Mads Bech;Brentford FC;07/01/1999;189 cm;DF;2022-2023
Owen Beck;Liverpool FC;09/08/2002;177 cm;MF;2022-2023
Jan Bednarek;Southampton FC;12/04/1996;189 cm;DF;2022-2023
Asmir Begović;Everton FC;20/06/1987;199 cm;GK;2022-2023
Saïd Benrahma;West Ham United;10/08/1995;172 cm;FW;2022-2023
Rodrigo Bentancur;Tottenham Hotspur;25/06/1997;187 cm;MF;2022-2023
Christian Benteke;Crystal Palace;03/12/1990;190 cm;FW;2022-2023
Lucas Bergström;Chelsea FC;05/09/2002;205 cm;GK;2022-2023
Steven Bergwijn;Tottenham Hotspur;08/10/1997;178 cm;FW;2022-2023
Bernardo Silva;Manchester City;10/08/1994;173 cm;MF;2022-2023
Ryan Bertrand;Leicester City;05/08/1989;179 cm;DF;2022-2023
Marcus Bettinelli;Chelsea FC;24/05/1992;193 cm;GK;2022-2023
Mika Biereth;Arsenal FC;08/02/2003;187 cm;FW;2022-2023
Yves Bissouma;Brighton & Hove Albion;30/08/1996;182 cm;MF;2022-2023
Harvey Blair;Liverpool FC;14/09/2003;???;MF;2022-2023
Adrian Blake;Watford FC;15/07/2005;???;MF;2022-2023
Oscar Bobb;Manchester City;12/07/2003;169 cm;MF;2022-2023
Lamare Bogarde;Aston Villa;05/01/2004;183 cm;DF;2022-2023
Willy Boly;Wolverhampton Wanderers;03/02/1991;195 cm;DF;2022-2023
Jamie Bowden;Tottenham Hotspur;09/07/2001;175 cm;MF;2022-2023
Jarrod Bowen;West Ham United;20/12/1996;175 cm;FW;2022-2023
Conor Bradley;Liverpool FC;09/07/2003;181 cm;MF;2022-2023
Jarrad Branthwaite;Everton FC;27/06/2002;195 cm;DF;2022-2023
Sammy Braybrooke;Leicester City;12/03/2004;178 cm;MF;2022-2023
Armando Broja;Southampton FC;10/09/2001;191 cm;FW;2022-2023
Josh Brownhill;Burnley FC;19/12/1995;179 cm;MF;2022-2023
Bruno Fernandes;Manchester United;08/09/1994;179 cm;MF;2022-2023
Bruno Guimarães;Newcastle United;16/11/1997;182 cm;MF;2022-2023
Lewis Brunt;Leicester City;06/11/2000;187 cm;MF;2022-2023
Emiliano Buendia;Aston Villa;25/12/1996;172 cm;MF;2022-2023
Dan Burn;Newcastle United;09/05/1992;201 cm;DF;2022-2023
Jack Butland;Crystal Palace;10/03/1993;196 cm;GK;2022-2023
Sam Byram;Norwich City;16/09/1993;180 cm;DF;2022-2023
Willy Caballero;Southampton FC;28/09/1981;186 cm;GK;2022-2023
Moisés Caicedo;Brighton & Hove Albion;02/11/2001;178 cm;MF;2022-2023
Dominic Calvert-Lewin;Everton FC;16/03/1997;189 cm;FW;2022-2023
Chem Campbell;Wolverhampton Wanderers;30/12/2002;180 cm;MF;2022-2023
Scott Carson;Manchester City;03/09/1985;188 cm;GK;2022-2023
Matty Cash;Aston Villa;07/08/1997;185 cm;DF;2022-2023
Timothy Castagne;Leicester City;05/12/1995;185 cm;DF;2022-2023
Craig Cathcart;Watford FC;06/02/1989;188 cm;DF;2022-2023
Edinson Cavani;Manchester United;14/02/1987;184 cm;FW;2022-2023
Cédric;Arsenal FC;31/08/1991;171 cm;DF;2022-2023
Kallum Cesay;Tottenham Hotspur;04/09/2002;187 cm;MF;2022-2023
Trevoh Chalobah;Chelsea FC;05/07/1999;192 cm;DF;2022-2023
Calum Chambers;Aston Villa;20/01/1995;182 cm;DF;2022-2023
Kgaogelo Chauke;Southampton FC;08/01/2003;177 cm;MF;2022-2023
Daniel Chesters;West Ham United;04/04/2002;177 cm;MF;2022-2023
Ben Chilwell;Chelsea FC;21/12/1996;181 cm;DF;2022-2023
Chiquinho;Wolverhampton Wanderers;05/02/2000;179 cm;FW;2022-2023
Hamza Choudhury;Leicester City;01/10/1997;178 cm;MF;2022-2023
Benjamin Chrisene;Aston Villa;12/01/2004;183 cm;DF;2022-2023
Andreas Christensen;Chelsea FC;10/04/1996;187 cm;DF;2022-2023
Carney Chukwuemeka;Aston Villa;20/10/2003;187 cm;MF;2022-2023
Ciaran Clark;Newcastle United;26/09/1989;185 cm;DF;2022-2023
Tom Cleverley;Watford FC;12/08/1989;175 cm;MF;2022-2023
Nathaniel Clyne;Crystal Palace;05/04/1991;175 cm;DF;2022-2023
Conor Coady;Wolverhampton Wanderers;25/02/1993;185 cm;DF;2022-2023
Séamus Coleman;Everton FC;11/10/1988;177 cm;DF;2022-2023
Nathan Collins;Burnley FC;30/04/2001;193 cm;DF;2022-2023
Liam Cooper;Leeds United;30/08/1991;186 cm;DF;2022-2023
Jack Cork;Burnley FC;25/06/1989;185 cm;MF;2022-2023
Maxwel Cornet;Burnley FC;27/09/1996;179 cm;DF;2022-2023
Dara Costelloe;Burnley FC;11/12/2002;175 cm;FW;2022-2023
Vladimír Coufal;West Ham United;22/08/1992;174 cm;DF;2022-2023
Coutinho;Aston Villa;12/06/1992;172 cm;MF;2022-2023
Matthew Cox;Brentford FC;02/05/2003;182 cm;GK;2022-2023
Matthew Craig;Tottenham Hotspur;16/04/2003;184 cm;MF;2022-2023
Aaron Cresswell;West Ham United;15/12/1989;170 cm;DF;2022-2023
Charlie Cresswell;Leeds United;17/08/2002;190 cm;DF;2022-2023
Kane Crichlow;Watford FC;21/08/2000;161 cm;MF;2022-2023
Cristiano Ronaldo;Manchester United;05/02/1985;187 cm;FW;2022-2023
Cucurella;Brighton & Hove Albion;22/07/1998;173 cm;DF;2022-2023
Tiago Çukur;Watford FC;30/11/2002;196 cm;FW;2022-2023
Luke Cundle;Wolverhampton Wanderers;26/04/2002;171 cm;MF;2022-2023
Patson Daka;Leicester City;09/10/1998;183 cm;FW;2022-2023
Stuart Dallas;Leeds United;19/04/1991;183 cm;DF;2022-2023
Daniel Podence;Wolverhampton Wanderers;21/10/1995;165 cm;FW;2022-2023
Karl Darlow;Newcastle United;08/10/1990;190 cm;GK;2022-2023
Joshua Dasilva;Brentford FC;23/10/1998;184 cm;MF;2022-2023
David Raya;Brentford FC;15/09/1995;183 cm;GK;2022-2023
Ben Davies;Tottenham Hotspur;24/04/1993;181 cm;DF;2022-2023
Harvey Davies;Liverpool FC;03/09/2003;190 cm;GK;2022-2023
Tom Davies;Everton FC;30/06/1998;180 cm;MF;2022-2023
Craig Dawson;West Ham United;06/05/1990;188 cm;DF;2022-2023
Lucas De Bolle;Newcastle United;22/10/2002;179 cm;MF;2022-2023
Kevin De Bruyne;Manchester City;28/06/1991;181 cm;MF;2022-2023
De Gea;Manchester United;07/11/1990;189 cm;GK;2022-2023
Liam Delap;Manchester City;08/02/2003;186 cm;FW;2022-2023
Fabian Delph;Everton FC;21/11/1989;174 cm;MF;2022-2023
Leander Dendoncker;Wolverhampton Wanderers;15/04/1995;188 cm;MF;2022-2023
Emmanuel Dennis;Watford FC;15/11/1997;175 cm;FW;2022-2023
Alfie Devine;Tottenham Hotspur;01/08/2004;167 cm;MF;2022-2023
Kiernan Dewsbury-Hall;Leicester City;06/09/1998;178 cm;MF;2022-2023
Ibrahima Diallo;Southampton FC;08/03/1999;179 cm;MF;2022-2023
Luis Díaz;Liverpool FC;13/01/1997;180 cm;FW;2022-2023
Tyler Dibling;Southampton FC;12/03/2006;???;MF;2022-2023
Eric Dier;Tottenham Hotspur;15/01/1994;188 cm;DF;2022-2023
Lucas Digne;Aston Villa;20/07/1993;178 cm;DF;2022-2023
Diogo Dalot;Manchester United;18/03/1999;183 cm;DF;2022-2023
Diogo Jota;Liverpool FC;04/12/1996;178 cm;FW;2022-2023
Issa Diop;West Ham United;09/01/1997;194 cm;DF;2022-2023
Elijah Dixon-Bonner;Liverpool FC;01/01/2001;183 cm;MF;2022-2023
Moussa Djénépo;Southampton FC;15/06/1998;177 cm;MF;2022-2023
Lewis Dobbin;Everton FC;03/01/2003;176 cm;FW;2022-2023
Owen Dodgson;Burnley FC;19/03/2003;178 cm;DF;2022-2023
Matt Doherty;Tottenham Hotspur;16/01/1992;186 cm;DF;2022-2023
Domingos Quina;Watford FC;18/11/1999;173 cm;MF;2022-2023
Abdoulaye Doucouré;Everton FC;01/01/1993;183 cm;MF;2022-2023
Douglas Luiz;Aston Villa;09/05/1998;177 cm;MF;2022-2023
Kieran Dowell;Norwich City;10/10/1997;186 cm;MF;2022-2023
Martin Dúbravka;Newcastle United;15/01/1989;191 cm;GK;2022-2023
Shane Duffy;Brighton & Hove Albion;01/01/1992;193 cm;DF;2022-2023
Paul Dummett;Newcastle United;26/09/1991;183 cm;DF;2022-2023
Lewis Dunk;Brighton & Hove Albion;21/11/1991;192 cm;DF;2022-2023
Ederson;Manchester City;17/08/1993;188 cm;GK;2022-2023
Odsonne Édouard;Crystal Palace;16/01/1998;187 cm;FW;2022-2023
Samuel Edozie;Manchester City;28/01/2003;179 cm;FW;2022-2023
CJ Egan-Riley;Manchester City;02/01/2003;183 cm;DF;2022-2023
Pierre Ekwah;West Ham United;15/01/2002;189 cm;DF;2022-2023
Anwar El Ghazi;Everton FC;03/05/1995;189 cm;FW;2022-2023
Anthony Elanga;Manchester United;27/04/2002;178 cm;FW;2022-2023
Rob Elliot;Watford FC;30/04/1986;190 cm;GK;2022-2023
Harvey Elliott;Liverpool FC;04/04/2003;170 cm;FW;2022-2023
Mohamed Elneny;Arsenal FC;11/07/1992;179 cm;MF;2022-2023
Mohamed Elyounoussi;Southampton FC;04/08/1994;178 cm;FW;2022-2023
Emerson Royal;Tottenham Hotspur;14/01/1999;183 cm;DF;2022-2023
Christian Eriksen;Brentford FC;14/02/1992;182 cm;MF;2022-2023
Peter Etebo;Watford FC;09/11/1995;174 cm;MF;2022-2023
Jonny Evans;Leicester City;03/01/1988;188 cm;DF;2022-2023
Oliver Ewing;Leicester City;03/01/2003;181 cm;MF;2022-2023
Eberechi Eze;Crystal Palace;29/06/1998;178 cm;MF;2022-2023
Łukasz Fabiański;West Ham United;18/04/1985;190 cm;GK;2022-2023
Fabinho;Liverpool FC;23/10/1993;188 cm;MF;2022-2023
Fábio Silva;Wolverhampton Wanderers;19/07/2002;185 cm;FW;2022-2023
Malachi Fagan-Walcott;Tottenham Hotspur;11/03/2002;189 cm;DF;2022-2023
Josh Feeney;Aston Villa;06/05/2005;193 cm;DF;2022-2023
Evan Ferguson;Brighton & Hove Albion;19/10/2004;183 cm;FW;2022-2023
Nathan Ferguson;Crystal Palace;06/10/2000;184 cm;DF;2022-2023
Federico Fernández;Newcastle United;21/02/1989;190 cm;DF;2022-2023
Fernandinho;Manchester City;04/05/1985;179 cm;MF;2022-2023
Marcelo Flores;Arsenal FC;01/10/2003;183 cm;FW;2022-2023
Phil Foden;Manchester City;28/05/2000;171 cm;MF;2022-2023
Wesley Fofana;Leicester City;17/12/2000;186 cm;DF;2022-2023
Shaqai Forde;Watford FC;05/05/2004;174 cm;FW;2022-2023
Adam Forshaw;Leeds United;08/10/1991;175 cm;MF;2022-2023
Fraser Forster;Southampton FC;17/03/1988;201 cm;GK;2022-2023
Ben Foster;Watford FC;03/04/1983;193 cm;GK;2022-2023
Tariqe Fosu;Brentford FC;05/11/1995;180 cm;MF;2022-2023
Ryan Fraser;Newcastle United;24/02/1994;163 cm;FW;2022-2023
Melkamu Frauendorf;Liverpool FC;12/01/2004;180 cm;FW;2022-2023
Fred;Manchester United;05/03/1993;169 cm;MF;2022-2023
Ryan Fredericks;West Ham United;10/10/1992;181 cm;DF;2022-2023
James Furlong;Brighton & Hove Albion;07/06/2002;178 cm;DF;2022-2023
Gabriel;Arsenal FC;19/12/1997;190 cm;DF;2022-2023
Gabriel Jesus;Manchester City;03/04/1997;175 cm;FW;2022-2023
Gabriel Martinelli;Arsenal FC;18/06/2001;178 cm;FW;2022-2023
Conor Gallagher;Crystal Palace;06/02/2000;182 cm;MF;2022-2023
Alejandro Garnacho;Manchester United;01/07/2004;180 cm;FW;2022-2023
Dwight Gayle;Newcastle United;17/10/1989;174 cm;FW;2022-2023
Joe Gelhardt;Leeds United;04/05/2002;179 cm;FW;2022-2023
Saman Ghoddos;Brentford FC;06/09/1993;176 cm;FW;2022-2023
Dimitris Giannoulis;Norwich City;17/10/1995;175 cm;DF;2022-2023
Liam Gibbs;Norwich City;16/12/2002;178 cm;MF;2022-2023
Ben Gibson;Norwich City;15/01/1993;185 cm;DF;2022-2023
Mark Gillespie;Newcastle United;27/03/1992;191 cm;GK;2022-2023
Billy Gilmour;Norwich City;11/06/2001;170 cm;MF;2022-2023
Ben Godfrey;Everton FC;15/01/1998;184 cm;DF;2022-2023
Pierluigi Gollini;Tottenham Hotspur;18/03/1995;194 cm;GK;2022-2023
Joe Gomez;Liverpool FC;23/05/1997;188 cm;DF;2022-2023
Anthony Gordon;Everton FC;24/02/2001;182 cm;FW;2022-2023
John-Kymani Gordon;Crystal Palace;13/02/2003;181 cm;FW;2022-2023
Kaide Gordon;Liverpool FC;05/10/2004;173 cm;FW;2022-2023
Lewis Gordon;Brentford FC;12/02/2001;172 cm;DF;2022-2023
Dan Gosling;Watford FC;01/02/1990;183 cm;MF;2022-2023
Lee Grant;Manchester United;27/01/1983;193 cm;GK;2022-2023
Archie Gray;Leeds United;12/03/2006;183 cm;MF;2022-2023
Demarai Gray;Everton FC;28/06/1996;183 cm;FW;2022-2023
Jack Grealish;Manchester City;10/09/1995;180 cm;MF;2022-2023
Mason Greenwood;Manchester United;01/10/2001;181 cm;FW;2022-2023
Sam Greenwood;Leeds United;26/01/2002;180 cm;FW;2022-2023
Jack Grieves;Watford FC;05/12/2004;???;FW;2022-2023
Pascal Groß;Brighton & Hove Albion;15/06/1991;181 cm;MF;2022-2023
Guaita;Crystal Palace;10/01/1987;190 cm;GK;2022-2023
Jóhann Guðmundsson;Burnley FC;27/10/1990;186 cm;MF;2022-2023
Marc Guéhi;Crystal Palace;13/07/2000;182 cm;DF;2022-2023
İlkay Gündoğan;Manchester City;24/10/1990;180 cm;MF;2022-2023
Angus Gunn;Norwich City;22/01/1996;196 cm;GK;2022-2023
Lewis Hall;Chelsea FC;08/09/2004;179 cm;MF;2022-2023
Grant Hanley;Norwich City;20/11/1991;187 cm;DF;2022-2023
Reece Hannam;Crystal Palace;11/09/2000;169 cm;DF;2022-2023
Hannibal;Manchester United;21/01/2003;177 cm;MF;2022-2023
Björn Hardley;Manchester United;19/12/2002;189 cm;DF;2022-2023
Jack Harrison;Leeds United;20/11/1996;175 cm;MF;2022-2023
Kortney Hause;Aston Villa;16/07/1995;191 cm;DF;2022-2023
Kai Havertz;Chelsea FC;11/06/1999;193 cm;FW;2022-2023
Isaac Hayden;Newcastle United;22/03/1995;187 cm;MF;2022-2023
Max Haygarth;Brentford FC;21/01/2002;175 cm;MF;2022-2023
Tom Heaton;Manchester United;15/04/1986;188 cm;GK;2022-2023
Mark Helm;Burnley FC;21/10/2001;173 cm;MF;2022-2023
Dean Henderson;Manchester United;12/03/1997;188 cm;GK;2022-2023
Jordan Henderson;Liverpool FC;17/06/1990;187 cm;MF;2022-2023
Wayne Hennessey;Burnley FC;24/01/1987;198 cm;GK;2022-2023
Rico Henry;Brentford FC;08/07/1997;170 cm;DF;2022-2023
Cucho Hernández;Watford FC;20/04/1999;176 cm;FW;2022-2023
Leo Hjelde;Leeds United;26/08/2003;188 cm;DF;2022-2023
Ki-Jana Hoever;Wolverhampton Wanderers;18/01/2002;183 cm;DF;2022-2023
Rob Holding;Arsenal FC;20/09/1995;189 cm;DF;2022-2023
Mason Holgate;Everton FC;22/10/1996;187 cm;DF;2022-2023
Pierre-Emile Højbjerg;Tottenham Hotspur;05/08/1995;185 cm;MF;2022-2023
Callum Hudson-Odoi;Chelsea FC;07/11/2000;177 cm;FW;2022-2023
Will Hughes;Crystal Palace;17/04/1995;185 cm;MF;2022-2023
Hugo Bueno;Wolverhampton Wanderers;18/09/2002;180 cm;DF;2022-2023
Omari Hutchinson;Arsenal FC;29/10/2003;174 cm;MF;2022-2023
Hee-chan Hwang;Wolverhampton Wanderers;26/01/1996;177 cm;FW;2022-2023
Adam Idah;Norwich City;11/02/2001;190 cm;FW;2022-2023
Kelechi Iheanacho;Leicester City;03/10/1996;185 cm;FW;2022-2023
Danny Ings;Aston Villa;23/07/1992;178 cm;FW;2022-2023
Zidane Iqbal;Manchester United;27/04/2003;181 cm;MF;2022-2023
Tim Iroegbunam;Aston Villa;30/06/2003;175 cm;MF;2022-2023
Alex Iwobi;Everton FC;03/05/1996;183 cm;MF;2022-2023
Jarosław Jach;Crystal Palace;17/02/1994;192 cm;DF;2022-2023
Eldin Jakupović;Leicester City;02/10/1984;191 cm;GK;2022-2023
Dan James;Leeds United;10/11/1997;170 cm;MF;2022-2023
Reece James;Chelsea FC;08/12/1999;179 cm;DF;2022-2023
Vitaly Janelt;Brentford FC;10/05/1998;184 cm;MF;2022-2023
Pontus Jansson;Brentford FC;13/02/1991;194 cm;DF;2022-2023
Julian Jeanvier;Brentford FC;31/03/1992;185 cm;DF;2022-2023
Jack Jenkins;Leeds United;23/03/2002;190 cm;MF;2022-2023
Mathias Jensen;Brentford FC;01/01/1996;180 cm;MF;2022-2023
Raúl Jiménez;Wolverhampton Wanderers;05/05/1991;190 cm;FW;2022-2023
João Cancelo;Manchester City;27/05/1994;182 cm;DF;2022-2023
João Moutinho;Wolverhampton Wanderers;08/09/1986;170 cm;MF;2022-2023
João Pedro;Watford FC;26/09/2001;187 cm;FW;2022-2023
Joelinton;Newcastle United;14/08/1996;186 cm;MF;2022-2023
Kyle John;Everton FC;13/02/2001;166 cm;DF;2022-2023
Ben Johnson;West Ham United;24/01/2000;175 cm;DF;2022-2023
Curtis Jones;Liverpool FC;30/01/2001;185 cm;MF;2022-2023
Phil Jones;Manchester United;21/02/1992;185 cm;DF;2022-2023
Jonny;Wolverhampton Wanderers;03/03/1994;175 cm;DF;2022-2023
Jorginho;Chelsea FC;20/12/1991;178 cm;MF;2022-2023
José Sá;Wolverhampton Wanderers;17/01/1993;192 cm;GK;2022-2023
Junior Firpo;Leeds United;22/08/1996;184 cm;DF;2022-2023
James Justin;Leicester City;23/02/1998;183 cm;DF;2022-2023
Ozan Kabak;Norwich City;25/03/2000;186 cm;DF;2022-2023
Christian Kabasele;Watford FC;24/02/1991;187 cm;DF;2022-2023
Samuel Kalu;Watford FC;26/08/1997;177 cm;FW;2022-2023
Abu Kamara;Norwich City;21/07/2003;183 cm;MF;2022-2023
Hassane Kamara;Watford FC;05/03/1994;168 cm;DF;2022-2023
Harry Kane;Tottenham Hotspur;28/07/1993;188 cm;FW;2022-2023
N'Golo Kanté;Chelsea FC;29/03/1991;171 cm;MF;2022-2023
Loris Karius;Liverpool FC;22/06/1993;191 cm;GK;2022-2023
Edo Kayembe;Watford FC;03/06/1998;183 cm;MF;2022-2023
Kayky;Manchester City;11/06/2003;175 cm;FW;2022-2023
Michael Keane;Everton FC;11/01/1993;188 cm;DF;2022-2023
Naby Keïta;Liverpool FC;10/02/1995;172 cm;MF;2022-2023
Caoimhín Kelleher;Liverpool FC;23/11/1998;188 cm;GK;2022-2023
Martin Kelly;Crystal Palace;27/04/1990;191 cm;DF;2022-2023
Kenedy;Chelsea FC;08/02/1996;182 cm;MF;2022-2023
Nohan Kenneh;Leeds United;10/01/2003;188 cm;MF;2022-2023
Jonjoe Kenny;Everton FC;15/03/1997;176 cm;DF;2022-2023
Kepa;Chelsea FC;03/10/1994;189 cm;GK;2022-2023
Kiko Femenía;Watford FC;02/02/1991;171 cm;DF;2022-2023
Maximilian Kilman;Wolverhampton Wanderers;23/05/1997;194 cm;DF;2022-2023
Joshua King;Watford FC;15/01/1992;189 cm;FW;2022-2023
Alex Kirk;Arsenal FC;27/10/2002;187 cm;DF;2022-2023
Kristoffer Klaesson;Leeds United;27/11/2000;189 cm;GK;2022-2023
Mateusz Klich;Leeds United;13/06/1990;183 cm;MF;2022-2023
Robin Koch;Leeds United;17/07/1996;191 cm;DF;2022-2023
Ibrahima Konaté;Liverpool FC;25/05/1999;194 cm;DF;2022-2023
Ezri Konsa;Aston Villa;23/10/1997;183 cm;DF;2022-2023
Billy Koumetio;Liverpool FC;14/11/2002;195 cm;DF;2022-2023
Cheikhou Kouyaté;Crystal Palace;21/12/1989;189 cm;DF;2022-2023
Mateo Kovačić;Chelsea FC;06/05/1994;177 cm;MF;2022-2023
Emil Krafth;Newcastle United;02/08/1994;184 cm;DF;2022-2023
Alex Král;West Ham United;19/05/1998;187 cm;MF;2022-2023
Tim Krul;Norwich City;03/04/1988;188 cm;GK;2022-2023
Juraj Kucka;Watford FC;26/02/1987;186 cm;MF;2022-2023
Dejan Kulusevski;Tottenham Hotspur;25/04/2000;186 cm;FW;2022-2023
Alexandre Lacazette;Arsenal FC;28/05/1991;176 cm;FW;2022-2023
Adam Lallana;Brighton & Hove Albion;10/05/1988;172 cm;MF;2022-2023
Tariq Lamptey;Brighton & Hove Albion;30/09/2000;163 cm;DF;2022-2023
Manuel Lanzini;West Ham United;15/02/1993;167 cm;MF;2022-2023
Aymeric Laporte;Manchester City;27/05/1994;190 cm;DF;2022-2023
Jamaal Lascelles;Newcastle United;11/11/1993;188 cm;DF;2022-2023
Roméo Lavia;Manchester City;06/01/2004;181 cm;DF;2022-2023
Marcel Lavinier;Tottenham Hotspur;16/12/2000;182 cm;DF;2022-2023
Pierre Lees-Melou;Norwich City;25/05/1993;186 cm;MF;2022-2023
Dexter Lembikisa;Wolverhampton Wanderers;04/11/2003;180 cm;DF;2022-2023
Aaron Lennon;Burnley FC;16/04/1987;165 cm;MF;2022-2023
Bernd Leno;Arsenal FC;04/03/1992;190 cm;GK;2022-2023
Marc Leonard;Brighton & Hove Albion;19/12/2001;180 cm;MF;2022-2023
Harry Lewis;Southampton FC;20/12/1997;191 cm;GK;2022-2023
Jamal Lewis;Newcastle United;25/01/1998;178 cm;DF;2022-2023
Victor Lindelöf;Manchester United;17/07/1994;187 cm;DF;2022-2023
Hayden Lindley;Aston Villa;02/09/2002;182 cm;MF;2022-2023
Jesse Lingard;Manchester United;15/12/1992;175 cm;MF;2022-2023
Tino Livramento;Southampton FC;12/11/2002;173 cm;DF;2022-2023
Llorente;Leeds United;16/08/1993;186 cm;DF;2022-2023
Hugo Lloris;Tottenham Hotspur;26/12/1986;188 cm;GK;2022-2023
Ruben Loftus-Cheek;Chelsea FC;23/01/1996;191 cm;MF;2022-2023
Albert Lokonga;Arsenal FC;22/10/1999;183 cm;MF;2022-2023
Andy Lonergan;Everton FC;19/10/1983;193 cm;GK;2022-2023
Kevin Long;Burnley FC;18/08/1990;188 cm;DF;2022-2023
Shane Long;Southampton FC;22/01/1987;180 cm;FW;2022-2023
Emmanuel Longelo;West Ham United;27/12/2000;188 cm;MF;2022-2023
Sean Longstaff;Newcastle United;30/10/1997;181 cm;MF;2022-2023
Ademola Lookman;Leicester City;20/10/1997;174 cm;FW;2022-2023
Jonas Lössl;Brentford FC;01/02/1989;195 cm;GK;2022-2023
Imrân Louza;Watford FC;01/05/1999;178 cm;MF;2022-2023
Matthew Lowton;Burnley FC;09/06/1989;180 cm;DF;2022-2023
Lucas Moura;Tottenham Hotspur;13/08/1992;172 cm;FW;2022-2023
Romelu Lukaku;Chelsea FC;13/05/1993;192 cm;FW;2022-2023
Lyanco;Southampton FC;01/02/1997;187 cm;DF;2022-2023
Brooklyn Lyons-Foster;Tottenham Hotspur;01/12/2000;181 cm;DF;2022-2023
Isaac Mabaya;Liverpool FC;22/09/2004;186 cm;MF;2022-2023
Alexis Mac Allister;Brighton & Hove Albion;24/12/1998;174 cm;MF;2022-2023
James Maddison;Leicester City;23/11/1996;175 cm;MF;2022-2023
Paris Maghoma;Brentford FC;08/05/2001;181 cm;MF;2022-2023
Harry Maguire;Manchester United;05/03/1993;194 cm;DF;2022-2023
Riyad Mahrez;Manchester City;21/02/1991;179 cm;FW;2022-2023
Anthony Mancini;Burnley FC;06/04/2001;180 cm;MF;2022-2023
Sadio Mané;Liverpool FC;10/04/1992;174 cm;FW;2022-2023
Manquillo;Newcastle United;05/05/1994;178 cm;DF;2022-2023
Marçal;Wolverhampton Wanderers;19/02/1989;178 cm;DF;2022-2023
Wanya Marçal-Madivadua;Leicester City;19/10/2002;181 cm;MF;2022-2023
Marcelo;Liverpool FC;20/12/2002;191 cm;GK;2022-2023
Solly March;Brighton & Hove Albion;20/07/1994;180 cm;MF;2022-2023
Marcos Alonso;Chelsea FC;28/12/1990;189 cm;DF;2022-2023
David Martin;West Ham United;22/01/1986;188 cm;GK;2022-2023
Emiliano Martínez;Aston Villa;02/09/1992;195 cm;GK;2022-2023
Adam Masina;Watford FC;02/01/1994;189 cm;DF;2022-2023
Arthur Masuaku;West Ham United;07/11/1993;179 cm;DF;2022-2023
Mata;Manchester United;28/04/1988;170 cm;MF;2022-2023
Jean-Philippe Mateta;Crystal Palace;28/06/1997;192 cm;FW;2022-2023
Nemanja Matić;Manchester United;01/08/1988;194 cm;MF;2022-2023
Joel Matip;Liverpool FC;08/08/1991;195 cm;DF;2022-2023
Remi Matthews;Crystal Palace;10/02/1994;192 cm;GK;2022-2023
Neal Maupay;Brighton & Hove Albion;14/08/1996;173 cm;FW;2022-2023
Luke Mbete;Manchester City;18/09/2003;185 cm;DF;2022-2023
Bryan Mbeumo;Brentford FC;07/08/1999;171 cm;FW;2022-2023
Xavier Mbuyamba;Chelsea FC;31/12/2001;195 cm;DF;2022-2023
James McArthur;Crystal Palace;07/10/1987;178 cm;MF;2022-2023
James McAtee;Manchester City;18/10/2002;180 cm;MF;2022-2023
Liam McCarron;Leeds United;07/03/2001;175 cm;FW;2022-2023
Alex McCarthy;Southampton FC;03/12/1989;193 cm;GK;2022-2023
Jon McCracken;Norwich City;24/05/2000;185 cm;GK;2022-2023
Thomas McGill;Brighton & Hove Albion;25/03/2000;185 cm;GK;2022-2023
John McGinn;Aston Villa;18/10/1994;178 cm;MF;2022-2023
Joe McGlynn;Burnley FC;27/09/2002;183 cm;FW;2022-2023
Michael McGovern;Norwich City;12/07/1984;191 cm;GK;2022-2023
Stuart McKinstry;Leeds United;18/09/2002;179 cm;FW;2022-2023
Kenny McLean;Norwich City;08/01/1992;183 cm;MF;2022-2023
Dwight McNeil;Burnley FC;22/11/1999;183 cm;FW;2022-2023
Scott McTominay;Manchester United;08/12/1996;191 cm;MF;2022-2023
Ben Mee;Burnley FC;21/09/1989;180 cm;DF;2022-2023
Benjamin Mendy;Manchester City;17/07/1994;185 cm;DF;2022-2023
Edouard Mendy;Chelsea FC;01/03/1992;194 cm;GK;2022-2023
Nampalys Mendy;Leicester City;23/06/1992;167 cm;MF;2022-2023
Illan Meslier;Leeds United;02/03/2000;197 cm;GK;2022-2023
Luka Milivojević;Crystal Palace;07/04/1991;186 cm;MF;2022-2023
James Milner;Liverpool FC;04/01/1986;175 cm;MF;2022-2023
Yerry Mina;Everton FC;23/09/1994;195 cm;DF;2022-2023
Takumi Minamino;Liverpool FC;16/01/1995;174 cm;MF;2022-2023
Tyrone Mings;Aston Villa;13/03/1993;196 cm;DF;2022-2023
Tyrick Mitchell;Crystal Palace;01/09/1999;175 cm;DF;2022-2023
Jakub Moder;Brighton & Hove Albion;07/04/1999;191 cm;MF;2022-2023
Kris Moore;Leeds United;13/11/2003;189 cm;DF;2022-2023
Andrew Moran;Brighton & Hove Albion;15/10/2003;168 cm;MF;2022-2023
James Morris;Watford FC;23/11/2001;183 cm;DF;2022-2023
Tyler Morton;Liverpool FC;31/10/2002;185 cm;MF;2022-2023
Yerson Mosquera;Wolverhampton Wanderers;02/05/2001;188 cm;DF;2022-2023
Mason Mount;Chelsea FC;10/01/1999;181 cm;MF;2022-2023
Romaine Mundle;Tottenham Hotspur;24/04/2003;177 cm;MF;2022-2023
Jacob Murphy;Newcastle United;24/02/1995;173 cm;MF;2022-2023
Enock Mwepu;Brighton & Hove Albion;01/01/1998;184 cm;MF;2022-2023
Vitaliy Mykolenko;Everton FC;29/05/1999;180 cm;DF;2022-2023
Nicolas N´Koulou;Watford FC;27/03/1990;185 cm;DF;2022-2023
Marvelous Nakamba;Aston Villa;19/01/1994;177 cm;MF;2022-2023
Wilfred Ndidi;Leicester City;16/12/1996;183 cm;MF;2022-2023
Ben Nelson;Leicester City;18/03/2004;193 cm;DF;2022-2023
Nélson Semedo;Wolverhampton Wanderers;16/11/1993;177 cm;DF;2022-2023
Jeremy Ngakia;Watford FC;07/09/2000;184 cm;DF;2022-2023
Eddie Nketiah;Arsenal FC;30/05/1999;180 cm;FW;2022-2023
Mark Noble;West Ham United;08/05/1987;180 cm;MF;2022-2023
Mathias Normann;Norwich City;28/05/1996;179 cm;MF;2022-2023
James Norris;Liverpool FC;04/04/2003;173 cm;MF;2022-2023
Will Norris;Burnley FC;12/08/1993;190 cm;GK;2022-2023
Christian Nørgaard;Brentford FC;10/03/1994;187 cm;MF;2022-2023
Nuno Tavares;Arsenal FC;26/01/2000;184 cm;DF;2022-2023
Tommi O'Reilly;Aston Villa;15/12/2003;179 cm;MF;2022-2023
Chituru Odunze;Leicester City;14/10/2002;204 cm;GK;2022-2023
Odeluga Offiah;Brighton & Hove Albion;26/10/2002;181 cm;DF;2022-2023
Angelo Ogbonna;West Ham United;23/05/1988;191 cm;DF;2022-2023
Mazeed Ogungbo;Arsenal FC;20/10/2002;188 cm;DF;2022-2023
Armstrong Oko-Flex;West Ham United;02/03/2002;189 cm;FW;2022-2023
Arthur Okonkwo;Arsenal FC;09/09/2001;198 cm;GK;2022-2023
Kazeem Olaigbe;Southampton FC;02/01/2003;178 cm;FW;2022-2023
Michael Olise;Crystal Palace;12/12/2001;184 cm;MF;2022-2023
Robin Olsen;Aston Villa;08/01/1990;196 cm;GK;2022-2023
Andrew Omobamidele;Norwich City;23/06/2002;190 cm;DF;2022-2023
Tobi Omole;Tottenham Hotspur;17/12/1999;189 cm;DF;2022-2023
Tyler Onyango;Everton FC;04/03/2003;196 cm;MF;2022-2023
Frank Onyeka;Brentford FC;01/01/1998;183 cm;MF;2022-2023
Divock Origi;Liverpool FC;18/04/1995;189 cm;FW;2022-2023
Oriol Romeu;Southampton FC;24/09/1991;183 cm;MF;2022-2023
Salah Oulad M'hand;Arsenal FC;20/08/2003;177 cm;MF;2022-2023
Alex Oxlade-Chamberlain;Liverpool FC;15/08/1993;175 cm;MF;2022-2023
Daniel Oyegoke;Brentford FC;03/01/2003;178 cm;DF;2022-2023
Martin Ødegaard;Arsenal FC;17/12/1998;178 cm;MF;2022-2023
Pablo Fornals;West Ham United;22/02/1996;178 cm;MF;2022-2023
Cole Palmer;Manchester City;06/05/2002;182 cm;MF;2022-2023
Thomas Partey;Arsenal FC;13/06/1993;185 cm;MF;2022-2023
Maksim Paskotši;Tottenham Hotspur;19/01/2003;170 cm;DF;2022-2023
Charlie Patino;Arsenal FC;17/10/2003;182 cm;MF;2022-2023
Nathan Patterson;Everton FC;16/10/2001;189 cm;DF;2022-2023
Myles Peart-Harris;Brentford FC;18/09/2002;187 cm;MF;2022-2023
Pedro Neto;Wolverhampton Wanderers;09/03/2000;173 cm;FW;2022-2023
Nicolas Pépé;Arsenal FC;29/05/1995;183 cm;FW;2022-2023
Sonny Perkins;West Ham United;10/02/2004;178 cm;MF;2022-2023
Romain Perraud;Southampton FC;22/09/1997;173 cm;DF;2022-2023
Kalvin Phillips;Leeds United;02/12/1995;179 cm;MF;2022-2023
Jordan Pickford;Everton FC;07/03/1994;185 cm;GK;2022-2023
Erik Pieters;Burnley FC;07/08/1988;183 cm;DF;2022-2023
Ethan Pinnock;Brentford FC;29/05/1993;187 cm;DF;2022-2023
Przemysław Płacheta;Norwich City;23/03/1998;177 cm;FW;2022-2023
Paul Pogba;Manchester United;15/03/1993;191 cm;MF;2022-2023
Nick Pope;Burnley FC;19/04/1992;198 cm;GK;2022-2023
Freddie Potts;West Ham United;12/09/2003;183 cm;MF;2022-2023
Isaac Price;Everton FC;26/09/2003;197 cm;MF;2022-2023
Teemu Pukki;Norwich City;29/03/1990;180 cm;FW;2022-2023
Christian Pulišić;Chelsea FC;18/09/1998;178 cm;FW;2022-2023
Jarell Quansah;Liverpool FC;29/01/2003;190 cm;DF;2022-2023
Jesurun Rak-Sakyi;Crystal Palace;05/10/2002;178 cm;MF;2022-2023
Aaron Ramsdale;Arsenal FC;14/05/1998;190 cm;GK;2022-2023
Jacob Ramsey;Aston Villa;28/05/2001;180 cm;MF;2022-2023
Darren Randolph;West Ham United;12/05/1987;188 cm;GK;2022-2023
Raphinha;Leeds United;14/12/1996;176 cm;MF;2022-2023
Marcus Rashford;Manchester United;31/10/1997;185 cm;FW;2022-2023
Milot Rashica;Norwich City;28/06/1996;177 cm;FW;2022-2023
Nathan Redmond;Southampton FC;06/03/1994;173 cm;FW;2022-2023
Reguilón;Tottenham Hotspur;16/12/1996;178 cm;DF;2022-2023
Ricardo Pereira;Leicester City;06/10/1993;175 cm;DF;2022-2023
Declan Rice;West Ham United;14/01/1999;185 cm;MF;2022-2023
Lewis Richardson;Burnley FC;07/02/2003;178 cm;FW;2022-2023
Richarlison;Everton FC;10/05/1997;184 cm;FW;2022-2023
Jaïro Riedewald;Crystal Palace;09/09/1996;182 cm;MF;2022-2023
Matt Ritchie;Newcastle United;10/09/1989;173 cm;DF;2022-2023
Robert Sánchez;Brighton & Hove Albion;18/11/1997;197 cm;GK;2022-2023
Roberto Firmino;Liverpool FC;02/10/1991;181 cm;FW;2022-2023
Connor Roberts;Burnley FC;23/09/1995;175 cm;DF;2022-2023
Haydon Roberts;Brighton & Hove Albion;10/05/2002;182 cm;DF;2022-2023
Tyler Roberts;Leeds United;12/01/1999;180 cm;MF;2022-2023
Andy Robertson;Liverpool FC;11/03/1994;178 cm;DF;2022-2023
Joe Rodon;Tottenham Hotspur;22/10/1997;193 cm;DF;2022-2023
Rodri;Manchester City;22/06/1996;191 cm;MF;2022-2023
Rodrigo;Leeds United;06/03/1991;182 cm;FW;2022-2023
Jay Rodriguez;Burnley FC;29/07/1989;185 cm;FW;2022-2023
Mads Roerslev;Brentford FC;24/06/1999;184 cm;DF;2022-2023
Cristian Romero;Tottenham Hotspur;27/04/1998;185 cm;DF;2022-2023
Connor Ronan;Wolverhampton Wanderers;06/03/1998;171 cm;MF;2022-2023
Salomón Rondón;Everton FC;16/09/1989;186 cm;FW;2022-2023
Danny Rose;Watford FC;02/07/1990;173 cm;DF;2022-2023
Jonathan Rowe;Norwich City;30/04/2003;178 cm;MF;2022-2023
Rúben Dias;Manchester City;14/05/1997;187 cm;DF;2022-2023
Rúben Neves;Wolverhampton Wanderers;13/03/1997;180 cm;MF;2022-2023
John Ruddy;Wolverhampton Wanderers;24/10/1986;193 cm;GK;2022-2023
Antonio Rüdiger;Chelsea FC;03/03/1993;190 cm;DF;2022-2023
Lukas Rupp;Norwich City;08/01/1991;178 cm;MF;2022-2023
Allan Saint-Maximin;Newcastle United;12/03/1997;173 cm;FW;2022-2023
Romain Saïss;Wolverhampton Wanderers;26/03/1990;188 cm;DF;2022-2023
Bukayo Saka;Arsenal FC;05/09/2001;178 cm;MF;2022-2023
Mo Salah;Liverpool FC;15/06/1992;175 cm;FW;2022-2023
Mohammed Salisu;Southampton FC;17/04/1999;191 cm;DF;2022-2023
Samir;Watford FC;05/12/1994;185 cm;DF;2022-2023
Davinson Sánchez;Tottenham Hotspur;12/06/1996;187 cm;DF;2022-2023
Jadon Sancho;Manchester United;25/03/2000;180 cm;FW;2022-2023
Morgan Sanson;Aston Villa;18/08/1994;180 cm;MF;2022-2023
Josh Sargent;Norwich City;20/02/2000;185 cm;FW;2022-2023
Jeremy Sarmiento;Brighton & Hove Albion;16/06/2002;183 cm;MF;2022-2023
Ismaïla Sarr;Watford FC;25/02/1998;185 cm;FW;2022-2023
Malang Sarr;Chelsea FC;23/01/1999;182 cm;DF;2022-2023
Saúl;Chelsea FC;21/11/1994;184 cm;MF;2022-2023
Charlie Savage;Manchester United;02/05/2003;182 cm;MF;2022-2023
Dane Scarlett;Tottenham Hotspur;24/03/2004;182 cm;FW;2022-2023
Fabian Schär;Newcastle United;20/12/1991;186 cm;DF;2022-2023
Jeffrey Schlupp;Crystal Palace;23/12/1992;178 cm;MF;2022-2023
Kasper Schmeichel;Leicester City;05/11/1986;189 cm;GK;2022-2023
Ken Sema;Watford FC;30/09/1993;180 cm;FW;2022-2023
Sergi Canós;Brentford FC;02/02/1997;177 cm;FW;2022-2023
Ryan Sessegnon;Tottenham Hotspur;18/05/2000;178 cm;MF;2022-2023
Jamie Shackleton;Leeds United;08/10/1999;168 cm;MF;2022-2023
Teddy Sharman-Lowe;Chelsea FC;19/01/2003;189 cm;GK;2022-2023
Luke Shaw;Manchester United;12/07/1995;178 cm;DF;2022-2023
Jonjo Shelvey;Newcastle United;27/02/1992;184 cm;MF;2022-2023
Shola Shoretire;Manchester United;02/02/2004;171 cm;FW;2022-2023
Francisco Sierralta;Watford FC;06/05/1997;190 cm;DF;2022-2023
Gylfi Sigurðsson;Everton FC;08/09/1989;186 cm;MF;2022-2023
Kamarai Simon-Swyer;West Ham United;04/12/2002;183 cm;MF;2022-2023
Xavier Simons;Chelsea FC;20/02/2003;185 cm;MF;2022-2023
Viljami Sinisalo;Aston Villa;11/10/2001;190 cm;GK;2022-2023
Moussa Sissoko;Watford FC;16/08/1989;187 cm;MF;2022-2023
Oliver Skipp;Tottenham Hotspur;16/09/2000;175 cm;MF;2022-2023
Cieran Slicker;Manchester City;15/09/2002;190 cm;GK;2022-2023
Thierry Small;Southampton FC;01/08/2004;177 cm;DF;2022-2023
Will Smallbone;Southampton FC;21/02/2000;173 cm;MF;2022-2023
Emile Smith Rowe;Arsenal FC;28/07/2000;182 cm;MF;2022-2023
Heung-min Son;Tottenham Hotspur;08/07/1992;184 cm;FW;2022-2023
Jude Soonsup-Bell;Chelsea FC;10/01/2004;185 cm;FW;2022-2023
Tomáš Souček;West Ham United;27/02/1995;192 cm;MF;2022-2023
Boubakary Soumaré;Leicester City;27/02/1999;188 cm;MF;2022-2023
Çağlar Söyüncü;Leicester City;23/05/1996;185 cm;DF;2022-2023
Jacob Sørensen;Norwich City;03/03/1998;184 cm;MF;2022-2023
Jack Spong;Brighton & Hove Albion;04/02/2002;173 cm;MF;2022-2023
Tony Springett;Norwich City;22/09/2002;174 cm;MF;2022-2023
Jason Steele;Brighton & Hove Albion;18/08/1990;188 cm;GK;2022-2023
Zack Steffen;Manchester City;02/04/1995;191 cm;GK;2022-2023
Dale Stephens;Burnley FC;12/06/1989;185 cm;MF;2022-2023
Jack Stephens;Southampton FC;27/01/1994;185 cm;DF;2022-2023
Raheem Sterling;Manchester City;08/12/1994;172 cm;FW;2022-2023
Finley Stevens;Brentford FC;10/04/2003;179 cm;DF;2022-2023
John Stones;Manchester City;28/05/1994;188 cm;DF;2022-2023
Jimmy Storer;Wolverhampton Wanderers;05/11/2005;196 cm;GK;2022-2023
Pascal Struijk;Leeds United;11/08/1999;190 cm;DF;2022-2023
Thanawat Suengchitthawon;Leicester City;08/01/2000;170 cm;MF;2022-2023
Crysencio Summerville;Leeds United;30/10/2001;174 cm;MF;2022-2023
Zak Swanson;Arsenal FC;28/09/2000;189 cm;DF;2022-2023
Sil Swinkels;Aston Villa;06/01/2004;191 cm;DF;2022-2023
Japhet Tanganga;Tottenham Hotspur;31/03/1999;184 cm;DF;2022-2023
Matt Targett;Newcastle United;18/09/1995;183 cm;DF;2022-2023
James Tarkowski;Burnley FC;19/11/1992;185 cm;DF;2022-2023
Charlie Taylor;Burnley FC;18/09/1993;183 cm;DF;2022-2023
Nathan Tella;Southampton FC;05/07/1999;173 cm;FW;2022-2023
Thiago;Liverpool FC;11/04/1991;174 cm;MF;2022-2023
Thiago Silva;Chelsea FC;22/09/1984;181 cm;DF;2022-2023
Bobby Thomas;Burnley FC;30/01/2001;186 cm;DF;2022-2023
Luke Thomas;Leicester City;10/06/2001;181 cm;DF;2022-2023
Youri Tielemans;Leicester City;07/05/1997;176 cm;MF;2022-2023
Kieran Tierney;Arsenal FC;05/06/1997;180 cm;DF;2022-2023
Takehiro Tomiyasu;Arsenal FC;05/11/1998;188 cm;DF;2022-2023
James Tomkins;Crystal Palace;29/03/1989;192 cm;DF;2022-2023
Jonathan Tomkinson;Norwich City;11/04/2002;192 cm;DF;2022-2023
Ivan Toney;Brentford FC;16/03/1996;179 cm;FW;2022-2023
Cenk Tosun;Everton FC;07/06/1991;183 cm;FW;2022-2023
Toti;Wolverhampton Wanderers;16/01/1999;187 cm;DF;2022-2023
Andros Townsend;Everton FC;16/07/1991;181 cm;FW;2022-2023
Bertrand Traoré;Aston Villa;06/09/1995;181 cm;FW;2022-2023
Trincão;Wolverhampton Wanderers;29/12/1999;183 cm;FW;2022-2023
Kieran Trippier;Newcastle United;19/09/1990;173 cm;DF;2022-2023
William Troost-Ekong;Watford FC;01/09/1993;191 cm;DF;2022-2023
Leandro Trossard;Brighton & Hove Albion;04/12/1994;172 cm;FW;2022-2023
Kostas Tsimikas;Liverpool FC;12/05/1996;179 cm;DF;2022-2023
Antef Tsoungui;Brighton & Hove Albion;30/12/2002;185 cm;MF;2022-2023
Ed Turns;Brighton & Hove Albion;18/10/2002;182 cm;DF;2022-2023
Harry Tyrer;Everton FC;06/12/2001;194 cm;GK;2022-2023
Christos Tzolis;Norwich City;30/01/2002;179 cm;FW;2022-2023
Harvey Vale;Chelsea FC;11/09/2003;180 cm;MF;2022-2023
Yan Valery;Southampton FC;22/02/1999;180 cm;DF;2022-2023
Donny van de Beek;Everton FC;18/04/1997;184 cm;MF;2022-2023
Virgil van Dijk;Liverpool FC;08/07/1991;193 cm;DF;2022-2023
Raphaël Varane;Manchester United;25/04/1993;191 cm;DF;2022-2023
Jamie Vardy;Leicester City;11/01/1987;179 cm;FW;2022-2023
Joël Veltman;Brighton & Hove Albion;15/01/1992;184 cm;DF;2022-2023
Jannik Vestergaard;Leicester City;03/08/1992;199 cm;DF;2022-2023
Nikola Vlašić;West Ham United;04/10/1997;178 cm;MF;2022-2023
Matěj Vydra;Burnley FC;01/05/1992;179 cm;FW;2022-2023
Theo Walcott;Southampton FC;16/03/1989;175 cm;FW;2022-2023
Kyle Walker;Manchester City;28/05/1990;183 cm;DF;2022-2023
Kyle Walker-Peters;Southampton FC;13/04/1997;173 cm;DF;2022-2023
Sam Waller;Burnley FC;09/09/2003;187 cm;GK;2022-2023
Aaron Wan-Bissaka;Manchester United;26/11/1997;183 cm;DF;2022-2023
Danny Ward;Leicester City;22/06/1993;191 cm;GK;2022-2023
Joel Ward;Crystal Palace;29/10/1989;186 cm;DF;2022-2023
James Ward-Prowse;Southampton FC;01/11/1994;177 cm;MF;2022-2023
Ollie Watkins;Aston Villa;30/12/1995;180 cm;FW;2022-2023
Adam Webster;Brighton & Hove Albion;04/01/1995;191 cm;DF;2022-2023
Charlie Webster;Chelsea FC;31/01/2004;177 cm;MF;2022-2023
Wout Weghorst;Burnley FC;07/08/1992;197 cm;FW;2022-2023
Danny Welbeck;Brighton & Hove Albion;26/11/1990;185 cm;FW;2022-2023
Reece Welch;Everton FC;19/09/2003;197 cm;DF;2022-2023
Charlie Wellens;Manchester United;05/12/2002;175 cm;DF;2022-2023
Jack Wells-Morrison;Crystal Palace;18/02/2004;180 cm;MF;2022-2023
Timo Werner;Chelsea FC;06/03/1996;180 cm;FW;2022-2023
Ashley Westwood;Burnley FC;01/04/1990;174 cm;MF;2022-2023
Charlie Whitaker;Everton FC;16/09/2003;185 cm;MF;2022-2023
Ben White;Arsenal FC;08/10/1997;186 cm;DF;2022-2023
Harvey White;Tottenham Hotspur;19/09/2001;168 cm;MF;2022-2023
Brandon Williams;Norwich City;03/09/2000;180 cm;DF;2022-2023
Dylan Williams;Chelsea FC;13/09/2003;177 cm;DF;2022-2023
Rhys Williams;Liverpool FC;03/02/2001;195 cm;DF;2022-2023
Joe Willock;Newcastle United;20/08/1999;186 cm;MF;2022-2023
Callum Wilson;Newcastle United;27/02/1992;180 cm;FW;2022-2023
Josh Wilson-Esbrand;Manchester City;26/12/2002;176 cm;DF;2022-2023
Harry Winks;Tottenham Hotspur;02/02/1996;178 cm;MF;2022-2023
Henry Wise;Watford FC;01/01/2000;174 cm;MF;2022-2023
Yoane Wissa;Brentford FC;03/09/1996;176 cm;FW;2022-2023
Max Woltman;Liverpool FC;20/08/2003;181 cm;MF;2022-2023
Chris Wood;Newcastle United;07/12/1991;191 cm;FW;2022-2023
Granit Xhaka;Arsenal FC;27/09/1992;186 cm;MF;2022-2023
Andrey Yarmolenko;West Ham United;23/10/1989;190 cm;FW;2022-2023
Ashley Young;Aston Villa;09/07/1985;175 cm;DF;2022-2023
Nathan Young-Coombes;Brentford FC;15/01/2003;175 cm;FW;2022-2023
Wilfried Zaha;Crystal Palace;10/11/1992;180 cm;MF;2022-2023
Zanka;Brentford FC;23/04/1990;191 cm;DF;2022-2023
Christoph Zimmermann;Norwich City;12/01/1993;194 cm;DF;2022-2023
Oleksandr Zinchenko;Manchester City;15/12/1996;175 cm;DF;2022-2023
Hakim Ziyech;Chelsea FC;19/03/1993;180 cm;FW;2022-2023
Kurt Zouma;West Ham United;27/10/1994;190 cm;DF;2022-2023
